region,timestamp,pm25,prev_pm25,pm25_increase
New Delhi-8118,2025-01-01T00:30:00.000Z,189.0,187.0,2.0
New Delhi-8118,2025-01-01T04:30:00.000Z,170.0,154.0,16.0
New Delhi-8118,2025-01-01T05:30:00.000Z,193.0,170.0,23.0
New Delhi-8118,2025-01-01T08:30:00.000Z,202.0,176.0,26.0
New Delhi-8118,2025-01-01T10:30:00.000Z,202.0,196.0,6.0
New Delhi-8118,2025-01-01T11:30:00.000Z,204.0,202.0,2.0
New Delhi-8118,2025-01-01T13:30:00.000Z,206.0,203.0,3.0
New Delhi-8118,2025-01-01T15:30:00.000Z,211.0,196.0,15.0
New Delhi-8118,2025-01-01T16:30:00.000Z,213.0,211.0,2.0
New Delhi-8118,2025-01-01T21:30:00.000Z,173.0,158.0,15.0
New Delhi-8118,2025-01-01T23:30:00.000Z,176.0,173.0,3.0
New Delhi-8118,2025-01-02T03:30:00.000Z,167.0,140.0,27.0
New Delhi-8118,2025-01-02T04:30:00.000Z,204.0,167.0,37.0
New Delhi-8118,2025-01-02T06:30:00.000Z,209.0,204.0,5.0
New Delhi-8118,2025-01-02T08:30:00.000Z,190.0,179.0,11.0
New Delhi-8118,2025-01-02T09:30:00.000Z,213.0,190.0,23.0
New Delhi-8118,2025-01-02T10:30:00.000Z,217.0,213.0,4.0
New Delhi-8118,2025-01-02T12:30:00.000Z,198.0,191.0,7.0
New Delhi-8118,2025-01-02T13:30:00.000Z,217.0,198.0,19.0
New Delhi-8118,2025-01-02T14:30:00.000Z,262.0,217.0,45.0
New Delhi-8118,2025-01-02T15:30:00.000Z,308.0,262.0,46.0
New Delhi-8118,2025-01-04T19:30:00.000Z,254.0,208.0,46.0
New Delhi-8118,2025-01-12T19:30:00.000Z,180.0,-999.0,1179.0
New Delhi-8118,2025-01-13T02:30:00.000Z,88.0,84.0,4.0
New Delhi-8118,2025-01-13T03:30:00.000Z,106.0,88.0,18.0
New Delhi-8118,2025-01-13T04:30:00.000Z,111.0,106.0,5.0
New Delhi-8118,2025-01-13T05:30:00.000Z,121.0,111.0,10.0
New Delhi-8118,2025-01-13T07:30:00.000Z,110.0,97.0,13.0
New Delhi-8118,2025-01-13T09:30:00.000Z,114.0,104.0,10.0
New Delhi-8118,2025-01-13T11:30:00.000Z,117.0,113.0,4.0
New Delhi-8118,2025-01-13T13:30:00.000Z,123.0,117.0,6.0
New Delhi-8118,2025-01-13T14:30:00.000Z,142.0,123.0,19.0
New Delhi-8118,2025-01-13T16:30:00.000Z,151.0,127.0,24.0
New Delhi-8118,2025-01-13T17:30:00.000Z,187.0,151.0,36.0
New Delhi-8118,2025-01-13T18:30:00.000Z,188.0,187.0,1.0
New Delhi-8118,2025-01-21T02:30:00.000Z,150.0,140.0,10.0
New Delhi-8118,2025-01-21T07:30:00.000Z,142.0,84.0,58.0
New Delhi-8118,2025-01-21T11:30:00.000Z,87.0,82.0,5.0
New Delhi-8118,2025-01-21T12:30:00.000Z,100.0,87.0,13.0
New Delhi-8118,2025-01-21T13:30:00.000Z,124.0,100.0,24.0
New Delhi-8118,2025-01-21T14:30:00.000Z,161.0,124.0,37.0
New Delhi-8118,2025-01-21T15:30:00.000Z,176.0,161.0,15.0
New Delhi-8118,2025-01-21T18:30:00.000Z,160.0,156.0,4.0
New Delhi-8118,2025-02-28T20:30:00.000Z,60.0,46.0,14.0
New Delhi-8118,2025-03-01T01:30:00.000Z,46.0,43.0,3.0
New Delhi-8118,2025-03-01T02:30:00.000Z,51.0,46.0,5.0
New Delhi-8118,2025-03-01T03:30:00.000Z,69.0,51.0,18.0
New Delhi-8118,2025-03-01T06:30:00.000Z,69.0,56.0,13.0
New Delhi-8118,2025-03-01T07:30:00.000Z,70.0,69.0,1.0
New Delhi-8118,2025-03-01T11:30:00.000Z,61.0,57.0,4.0
New Delhi-8118,2025-03-01T13:30:00.000Z,44.0,42.0,2.0
New Delhi-8118,2025-03-01T15:30:00.000Z,54.0,44.0,10.0
New Delhi-8118,2025-03-01T16:30:00.000Z,62.0,54.0,8.0
New Delhi-8118,2025-03-01T17:30:00.000Z,74.0,62.0,12.0
New Delhi-8118,2025-03-01T18:30:00.000Z,75.0,74.0,1.0
New Delhi-8118,2025-03-01T19:30:00.000Z,77.0,75.0,2.0
New Delhi-8118,2025-03-02T03:30:00.000Z,57.0,45.0,12.0
New Delhi-8118,2025-03-02T04:30:00.000Z,61.0,57.0,4.0
New Delhi-8118,2025-03-02T10:30:00.000Z,18.0,12.0,6.0
New Delhi-8118,2025-03-02T11:30:00.000Z,20.0,18.0,2.0
New Delhi-8118,2025-03-02T13:30:00.000Z,27.0,19.0,8.0
New Delhi-8118,2025-03-02T14:30:00.000Z,31.0,27.0,4.0
New Delhi-8118,2025-03-02T15:30:00.000Z,39.0,31.0,8.0
New Delhi-8118,2025-03-02T16:30:00.000Z,49.0,39.0,10.0
New Delhi-8118,2025-03-02T17:30:00.000Z,61.0,49.0,12.0
New Delhi-8118,2025-03-02T18:30:00.000Z,64.0,61.0,3.0
New Delhi-8118,2025-03-02T19:30:00.000Z,84.0,64.0,20.0
New Delhi-8118,2025-03-02T21:30:00.000Z,69.0,68.0,1.0
New Delhi-8118,2025-03-03T01:30:00.000Z,55.0,49.0,6.0
New Delhi-8118,2025-03-03T02:30:00.000Z,65.0,55.0,10.0
New Delhi-8118,2025-03-03T03:30:00.000Z,109.0,65.0,44.0
New Delhi-8118,2025-03-03T09:30:00.000Z,54.0,40.0,14.0
New Delhi-8118,2025-03-03T13:30:00.000Z,48.0,33.0,15.0
New Delhi-8118,2025-03-03T14:30:00.000Z,50.0,48.0,2.0
New Delhi-8118,2025-03-03T15:30:00.000Z,58.0,50.0,8.0
New Delhi-8118,2025-03-03T16:30:00.000Z,63.0,58.0,5.0
New Delhi-8118,2025-03-03T17:30:00.000Z,66.0,63.0,3.0
New Delhi-8118,2025-03-03T18:30:00.000Z,70.0,66.0,4.0
New Delhi-8118,2025-03-03T19:30:00.000Z,76.0,70.0,6.0
New Delhi-8118,2025-03-03T20:30:00.000Z,82.0,76.0,6.0
New Delhi-8118,2025-03-03T23:30:00.000Z,50.0,47.0,3.0
New Delhi-8118,2025-03-04T00:30:00.000Z,59.0,50.0,9.0
New Delhi-8118,2025-03-04T01:30:00.000Z,64.0,59.0,5.0
New Delhi-8118,2025-03-04T02:30:00.000Z,68.0,64.0,4.0
New Delhi-8118,2025-03-04T05:30:00.000Z,58.0,56.0,2.0
New Delhi-8118,2025-03-04T12:30:00.000Z,34.0,33.0,1.0
New Delhi-8118,2025-03-04T15:30:00.000Z,36.0,28.0,8.0
New Delhi-8118,2025-03-04T17:30:00.000Z,42.0,35.0,7.0
New Delhi-8118,2025-03-04T22:30:00.000Z,39.0,35.0,4.0
New Delhi-8118,2025-03-05T01:30:00.000Z,34.0,28.0,6.0
New Delhi-8118,2025-03-05T02:30:00.000Z,48.0,34.0,14.0
New Delhi-8118,2025-03-05T06:30:00.000Z,34.0,33.0,1.0
New Delhi-8118,2025-03-05T09:30:00.000Z,20.0,15.0,5.0
New Delhi-8118,2025-03-05T13:30:00.000Z,23.0,14.0,9.0
New Delhi-8118,2025-03-05T14:30:00.000Z,34.0,23.0,11.0
New Delhi-8118,2025-03-05T16:30:00.000Z,33.0,28.0,5.0
New Delhi-8118,2025-03-05T18:30:00.000Z,41.0,33.0,8.0
New Delhi-8118,2025-03-05T19:30:00.000Z,50.0,41.0,9.0
New Delhi-8118,2025-03-05T21:30:00.000Z,52.0,47.0,5.0
New Delhi-8118,2025-03-05T22:30:00.000Z,59.0,52.0,7.0
New Delhi-8118,2025-03-05T23:30:00.000Z,63.0,59.0,4.0
New Delhi-8118,2025-03-06T02:30:00.000Z,52.0,51.0,1.0
New Delhi-8118,2025-03-06T03:30:00.000Z,68.0,52.0,16.0
New Delhi-8118,2025-03-06T13:30:00.000Z,19.0,10.0,9.0
New Delhi-8118,2025-03-06T14:30:00.000Z,43.0,19.0,24.0
New Delhi-8118,2025-03-06T15:30:00.000Z,57.0,43.0,14.0
New Delhi-8118,2025-03-06T16:30:00.000Z,61.0,57.0,4.0
New Delhi-8118,2025-03-06T17:30:00.000Z,76.0,61.0,15.0
New Delhi-8118,2025-03-06T18:30:00.000Z,100.0,76.0,24.0
New Delhi-8118,2025-03-06T19:30:00.000Z,123.0,100.0,23.0
New Delhi-8118,2025-03-06T20:30:00.000Z,129.0,123.0,6.0
New Delhi-8118,2025-03-06T23:30:00.000Z,100.0,99.0,1.0
New Delhi-8118,2025-03-07T00:30:00.000Z,124.0,100.0,24.0
New Delhi-8118,2025-03-07T01:30:00.000Z,136.0,124.0,12.0
New Delhi-8118,2025-03-07T02:30:00.000Z,248.0,136.0,112.0
New Delhi-8118,2025-03-07T06:30:00.000Z,74.0,62.0,12.0
New Delhi-8118,2025-03-07T11:30:00.000Z,26.0,23.0,3.0
New Delhi-8118,2025-03-07T13:30:00.000Z,31.0,25.0,6.0
New Delhi-8118,2025-03-07T14:30:00.000Z,49.0,31.0,18.0
New Delhi-8118,2025-03-07T15:30:00.000Z,85.0,49.0,36.0
New Delhi-8118,2025-03-07T16:30:00.000Z,120.0,85.0,35.0
New Delhi-8118,2025-03-07T18:30:00.000Z,107.0,91.0,16.0
New Delhi-8118,2025-03-07T20:30:00.000Z,122.0,89.0,33.0
New Delhi-8118,2025-03-07T22:30:00.000Z,119.0,107.0,12.0
New Delhi-8118,2025-03-08T00:30:00.000Z,89.0,88.0,1.0
New Delhi-8118,2025-03-08T01:30:00.000Z,92.0,89.0,3.0
New Delhi-8118,2025-03-08T02:30:00.000Z,99.0,92.0,7.0
New Delhi-8118,2025-03-08T03:30:00.000Z,100.0,99.0,1.0
New Delhi-8118,2025-03-08T10:30:00.000Z,26.0,23.0,3.0
New Delhi-8118,2025-03-08T11:30:00.000Z,27.0,26.0,1.0
New Delhi-8118,2025-03-08T12:30:00.000Z,41.0,27.0,14.0
New Delhi-8118,2025-03-08T14:30:00.000Z,49.0,36.0,13.0
New Delhi-8118,2025-03-08T15:30:00.000Z,77.0,49.0,28.0
New Delhi-8118,2025-03-08T18:30:00.000Z,76.0,63.0,13.0
New Delhi-8118,2025-03-08T19:30:00.000Z,90.0,76.0,14.0
New Delhi-8118,2025-03-08T20:30:00.000Z,93.0,90.0,3.0
New Delhi-8118,2025-03-08T23:30:00.000Z,88.0,86.0,2.0
New Delhi-8118,2025-03-09T00:30:00.000Z,100.0,88.0,12.0
New Delhi-8118,2025-03-09T01:30:00.000Z,118.0,100.0,18.0
New Delhi-8118,2025-03-09T03:30:00.000Z,149.0,117.0,32.0
New Delhi-8118,2025-03-09T11:30:00.000Z,41.0,40.0,1.0
New Delhi-8118,2025-03-09T12:30:00.000Z,48.0,41.0,7.0
New Delhi-8118,2025-03-09T13:30:00.000Z,56.0,48.0,8.0
New Delhi-8118,2025-03-09T14:30:00.000Z,62.0,56.0,6.0
New Delhi-8118,2025-03-09T15:30:00.000Z,75.0,62.0,13.0
New Delhi-8118,2025-03-09T16:30:00.000Z,79.0,75.0,4.0
New Delhi-8118,2025-03-09T17:30:00.000Z,88.0,79.0,9.0
New Delhi-8118,2025-03-09T18:30:00.000Z,100.0,88.0,12.0
New Delhi-8118,2025-03-09T20:30:00.000Z,92.0,88.0,4.0
New Delhi-8118,2025-03-09T21:30:00.000Z,94.0,92.0,2.0
New Delhi-8118,2025-03-09T23:30:00.000Z,106.0,92.0,14.0
New Delhi-8118,2025-03-10T01:30:00.000Z,105.0,104.0,1.0
New Delhi-8118,2025-03-10T02:30:00.000Z,135.0,105.0,30.0
New Delhi-8118,2025-03-10T03:30:00.000Z,151.0,135.0,16.0
New Delhi-8118,2025-03-10T11:30:00.000Z,52.0,51.0,1.0
New Delhi-8118,2025-03-10T12:30:00.000Z,56.0,52.0,4.0
New Delhi-8118,2025-03-10T13:30:00.000Z,58.0,56.0,2.0
New Delhi-8118,2025-03-10T14:30:00.000Z,64.0,58.0,6.0
New Delhi-8118,2025-03-10T15:30:00.000Z,87.0,64.0,23.0
New Delhi-8118,2025-03-10T17:30:00.000Z,105.0,85.0,20.0
New Delhi-8118,2025-03-10T18:30:00.000Z,112.0,105.0,7.0
New Delhi-8118,2025-03-10T19:30:00.000Z,123.0,112.0,11.0
New Delhi-8118,2025-03-10T22:30:00.000Z,119.0,114.0,5.0
New Delhi-8118,2025-03-11T00:30:00.000Z,121.0,114.0,7.0
New Delhi-8118,2025-03-11T01:30:00.000Z,128.0,121.0,7.0
New Delhi-8118,2025-03-11T02:30:00.000Z,147.0,128.0,19.0
New Delhi-8118,2025-03-11T03:30:00.000Z,166.0,147.0,19.0
New Delhi-8118,2025-03-11T10:30:00.000Z,66.0,48.0,18.0
New Delhi-8118,2025-03-11T12:30:00.000Z,71.0,46.0,25.0
New Delhi-8118,2025-03-11T14:30:00.000Z,69.0,64.0,5.0
New Delhi-8118,2025-03-11T15:30:00.000Z,85.0,69.0,16.0
New Delhi-8118,2025-03-11T16:30:00.000Z,93.0,85.0,8.0
New Delhi-8118,2025-03-11T17:30:00.000Z,119.0,93.0,26.0
New Delhi-8118,2025-03-11T19:30:00.000Z,119.0,117.0,2.0
New Delhi-8118,2025-03-11T20:30:00.000Z,142.0,119.0,23.0
New Delhi-8118,2025-03-11T21:30:00.000Z,173.0,142.0,31.0
New Delhi-8118,2025-03-12T03:30:00.000Z,214.0,147.0,67.0
New Delhi-8118,2025-03-12T06:30:00.000Z,82.0,65.0,17.0
New Delhi-8118,2025-03-12T11:30:00.000Z,34.0,29.0,5.0
New Delhi-8118,2025-03-12T12:30:00.000Z,37.0,34.0,3.0
New Delhi-8118,2025-03-12T13:30:00.000Z,42.0,37.0,5.0
New Delhi-8118,2025-03-12T14:30:00.000Z,50.0,42.0,8.0
New Delhi-8118,2025-03-12T15:30:00.000Z,66.0,50.0,16.0
New Delhi-8118,2025-03-12T16:30:00.000Z,70.0,66.0,4.0
New Delhi-8118,2025-03-12T17:30:00.000Z,81.0,70.0,11.0
New Delhi-8118,2025-03-12T23:30:00.000Z,71.0,60.0,11.0
New Delhi-8118,2025-03-13T00:30:00.000Z,89.0,71.0,18.0
New Delhi-8118,2025-03-13T01:30:00.000Z,111.0,89.0,22.0
New Delhi-8118,2025-03-13T02:30:00.000Z,164.0,111.0,53.0
New Delhi-8118,2025-03-13T12:30:00.000Z,49.0,45.0,4.0
New Delhi-8118,2025-03-13T13:30:00.000Z,75.0,49.0,26.0
New Delhi-8118,2025-03-13T14:30:00.000Z,89.0,75.0,14.0
New Delhi-8118,2025-03-13T18:30:00.000Z,61.0,57.0,4.0
New Delhi-8118,2025-03-13T19:30:00.000Z,102.0,61.0,41.0
New Delhi-8118,2025-03-13T20:30:00.000Z,111.0,102.0,9.0
New Delhi-8118,2025-03-13T21:30:00.000Z,116.0,111.0,5.0
New Delhi-8118,2025-03-13T23:30:00.000Z,106.0,96.0,10.0
New Delhi-8118,2025-03-14T00:30:00.000Z,135.0,106.0,29.0
New Delhi-8118,2025-03-14T02:30:00.000Z,132.0,131.0,1.0
New Delhi-8118,2025-03-14T07:30:00.000Z,48.0,46.0,2.0
New Delhi-8118,2025-03-14T11:30:00.000Z,31.0,25.0,6.0
New Delhi-8118,2025-03-14T12:30:00.000Z,58.0,31.0,27.0
New Delhi-8118,2025-03-14T14:30:00.000Z,43.0,42.0,1.0
New Delhi-8118,2025-03-14T15:30:00.000Z,46.0,43.0,3.0
New Delhi-8118,2025-03-14T17:30:00.000Z,47.0,44.0,3.0
New Delhi-8118,2025-03-14T19:30:00.000Z,52.0,40.0,12.0
New Delhi-8118,2025-03-14T23:30:00.000Z,16.0,13.0,3.0
New Delhi-8118,2025-03-15T01:30:00.000Z,19.0,10.0,9.0
New Delhi-8118,2025-03-15T03:30:00.000Z,19.0,18.0,1.0
New Delhi-8118,2025-03-15T04:30:00.000Z,23.0,19.0,4.0
New Delhi-8118,2025-03-15T06:30:00.000Z,24.0,22.0,2.0
New Delhi-8118,2025-03-15T07:30:00.000Z,27.0,24.0,3.0
New Delhi-8118,2025-03-15T09:30:00.000Z,28.0,24.0,4.0
New Delhi-8118,2025-03-15T10:30:00.000Z,29.0,28.0,1.0
New Delhi-8118,2025-03-15T12:30:00.000Z,28.0,27.0,1.0
New Delhi-8118,2025-03-15T13:30:00.000Z,47.0,28.0,19.0
New Delhi-8118,2025-03-15T14:30:00.000Z,51.0,47.0,4.0
New Delhi-8118,2025-03-15T16:30:00.000Z,28.0,27.0,1.0
New Delhi-8118,2025-03-15T17:30:00.000Z,29.0,28.0,1.0
New Delhi-8118,2025-03-15T20:30:00.000Z,78.0,25.0,53.0
New Delhi-8118,2025-03-15T23:30:00.000Z,56.0,51.0,5.0
New Delhi-8118,2025-03-16T00:30:00.000Z,67.0,56.0,11.0
New Delhi-8118,2025-03-16T01:30:00.000Z,69.0,67.0,2.0
New Delhi-8118,2025-03-16T02:30:00.000Z,86.0,69.0,17.0
New Delhi-8118,2025-03-16T03:30:00.000Z,91.0,86.0,5.0
New Delhi-8118,2025-03-16T05:30:00.000Z,66.0,64.0,2.0
New Delhi-8118,2025-03-16T07:30:00.000Z,38.0,34.0,4.0
New Delhi-8118,2025-03-16T13:30:00.000Z,18.0,17.0,1.0
New Delhi-8118,2025-03-16T14:30:00.000Z,24.0,18.0,6.0
New Delhi-8118,2025-03-16T15:30:00.000Z,33.0,24.0,9.0
New Delhi-8118,2025-03-16T16:30:00.000Z,44.0,33.0,11.0
New Delhi-8118,2025-03-16T18:30:00.000Z,43.0,34.0,9.0
New Delhi-8118,2025-03-16T21:30:00.000Z,48.0,39.0,9.0
New Delhi-8118,2025-03-16T22:30:00.000Z,57.0,48.0,9.0
New Delhi-8118,2025-03-17T00:30:00.000Z,93.0,54.0,39.0
New Delhi-8118,2025-03-17T01:30:00.000Z,97.0,93.0,4.0
New Delhi-8118,2025-03-17T02:30:00.000Z,116.0,97.0,19.0
New Delhi-8118,2025-03-17T12:30:00.000Z,33.0,27.0,6.0
New Delhi-8118,2025-03-17T14:30:00.000Z,36.0,32.0,4.0
New Delhi-8118,2025-03-17T15:30:00.000Z,40.0,36.0,4.0
New Delhi-8118,2025-03-17T16:30:00.000Z,45.0,40.0,5.0
New Delhi-8118,2025-03-17T17:30:00.000Z,56.0,45.0,11.0
New Delhi-8118,2025-03-17T18:30:00.000Z,63.0,56.0,7.0
New Delhi-8118,2025-03-17T21:30:00.000Z,73.0,55.0,18.0
New Delhi-8118,2025-03-17T22:30:00.000Z,91.0,73.0,18.0
New Delhi-8118,2025-03-17T23:30:00.000Z,94.0,91.0,3.0
New Delhi-8118,2025-03-18T00:30:00.000Z,116.0,94.0,22.0
New Delhi-8118,2025-03-18T10:30:00.000Z,22.0,18.0,4.0
New Delhi-8118,2025-03-18T11:30:00.000Z,23.0,22.0,1.0
New Delhi-8118,2025-03-18T13:30:00.000Z,23.0,20.0,3.0
New Delhi-8118,2025-03-18T14:30:00.000Z,26.0,23.0,3.0
New Delhi-8118,2025-03-18T15:30:00.000Z,53.0,26.0,27.0
New Delhi-8118,2025-03-18T16:30:00.000Z,62.0,53.0,9.0
New Delhi-8118,2025-03-18T17:30:00.000Z,82.0,62.0,20.0
New Delhi-8118,2025-03-18T19:30:00.000Z,83.0,72.0,11.0
New Delhi-8118,2025-03-18T20:30:00.000Z,101.0,83.0,18.0
New Delhi-8118,2025-03-18T21:30:00.000Z,102.0,101.0,1.0
New Delhi-8118,2025-03-18T22:30:00.000Z,148.0,102.0,46.0
New Delhi-8118,2025-03-18T23:30:00.000Z,165.0,148.0,17.0
New Delhi-8118,2025-03-19T06:30:00.000Z,85.0,48.0,37.0
New Delhi-8118,2025-03-19T12:30:00.000Z,28.0,18.0,10.0
New Delhi-8118,2025-03-19T13:30:00.000Z,29.0,28.0,1.0
New Delhi-8118,2025-03-19T14:30:00.000Z,50.0,29.0,21.0
New Delhi-8118,2025-03-19T17:30:00.000Z,50.0,48.0,2.0
New Delhi-8118,2025-03-19T18:30:00.000Z,58.0,50.0,8.0
New Delhi-8118,2025-03-19T20:30:00.000Z,61.0,57.0,4.0
New Delhi-8118,2025-03-19T22:30:00.000Z,58.0,52.0,6.0
New Delhi-8118,2025-03-19T23:30:00.000Z,63.0,58.0,5.0
New Delhi-8118,2025-03-20T00:30:00.000Z,76.0,63.0,13.0
New Delhi-8118,2025-03-20T02:30:00.000Z,88.0,76.0,12.0
New Delhi-8118,2025-03-20T03:30:00.000Z,122.0,88.0,34.0
New Delhi-8118,2025-03-20T06:30:00.000Z,46.0,40.0,6.0
New Delhi-8118,2025-03-20T10:30:00.000Z,21.0,15.0,6.0
New Delhi-8118,2025-03-20T13:30:00.000Z,20.0,13.0,7.0
New Delhi-8118,2025-03-20T14:30:00.000Z,28.0,20.0,8.0
New Delhi-8118,2025-03-20T15:30:00.000Z,45.0,28.0,17.0
New Delhi-8118,2025-03-20T16:30:00.000Z,60.0,45.0,15.0
New Delhi-8118,2025-03-20T17:30:00.000Z,63.0,60.0,3.0
New Delhi-8118,2025-03-20T18:30:00.000Z,70.0,63.0,7.0
New Delhi-8118,2025-03-20T20:30:00.000Z,68.0,53.0,15.0
New Delhi-8118,2025-03-20T21:30:00.000Z,73.0,68.0,5.0
New Delhi-8118,2025-03-20T22:30:00.000Z,77.0,73.0,4.0
New Delhi-8118,2025-03-20T23:30:00.000Z,142.0,77.0,65.0
New Delhi-8118,2025-03-21T00:30:00.000Z,180.0,142.0,38.0
New Delhi-8118,2025-03-21T10:30:00.000Z,17.0,15.0,2.0
New Delhi-8118,2025-03-21T11:30:00.000Z,18.0,17.0,1.0
New Delhi-8118,2025-03-21T12:30:00.000Z,20.0,18.0,2.0
New Delhi-8118,2025-03-21T13:30:00.000Z,24.0,20.0,4.0
New Delhi-8118,2025-03-21T14:30:00.000Z,32.0,24.0,8.0
New Delhi-8118,2025-03-21T15:30:00.000Z,51.0,32.0,19.0
New Delhi-8118,2025-03-21T17:30:00.000Z,59.0,50.0,9.0
New Delhi-8118,2025-03-21T19:30:00.000Z,60.0,54.0,6.0
New Delhi-8118,2025-03-21T21:30:00.000Z,61.0,60.0,1.0
New Delhi-8118,2025-03-21T22:30:00.000Z,108.0,61.0,47.0
New Delhi-8118,2025-03-21T23:30:00.000Z,124.0,108.0,16.0
New Delhi-8118,2025-03-22T02:30:00.000Z,76.0,74.0,2.0
New Delhi-8118,2025-03-22T03:30:00.000Z,80.0,76.0,4.0
New Delhi-8118,2025-03-22T08:30:00.000Z,43.0,37.0,6.0
New Delhi-8118,2025-03-22T12:30:00.000Z,28.0,23.0,5.0
New Delhi-8118,2025-03-22T13:30:00.000Z,33.0,28.0,5.0
New Delhi-8118,2025-03-22T14:30:00.000Z,42.0,33.0,9.0
New Delhi-8118,2025-03-22T15:30:00.000Z,60.0,42.0,18.0
New Delhi-8118,2025-03-22T16:30:00.000Z,75.0,60.0,15.0
New Delhi-8118,2025-03-22T17:30:00.000Z,82.0,75.0,7.0
New Delhi-8118,2025-03-22T19:30:00.000Z,77.0,73.0,4.0
New Delhi-8118,2025-03-22T20:30:00.000Z,84.0,77.0,7.0
New Delhi-8118,2025-03-22T23:30:00.000Z,80.0,73.0,7.0
New Delhi-8118,2025-03-23T00:30:00.000Z,81.0,80.0,1.0
New Delhi-8118,2025-03-23T01:30:00.000Z,95.0,81.0,14.0
New Delhi-8118,2025-03-23T03:30:00.000Z,96.0,95.0,1.0
New Delhi-8118,2025-03-23T08:30:00.000Z,37.0,32.0,5.0
New Delhi-8118,2025-03-23T09:30:00.000Z,43.0,37.0,6.0
New Delhi-8118,2025-03-23T13:30:00.000Z,34.0,33.0,1.0
New Delhi-8118,2025-03-23T14:30:00.000Z,49.0,34.0,15.0
New Delhi-8118,2025-03-23T15:30:00.000Z,62.0,49.0,13.0
New Delhi-8118,2025-03-23T16:30:00.000Z,73.0,62.0,11.0
New Delhi-8118,2025-03-23T17:30:00.000Z,77.0,73.0,4.0
New Delhi-8118,2025-03-23T18:30:00.000Z,78.0,77.0,1.0
New Delhi-8118,2025-03-23T19:30:00.000Z,85.0,78.0,7.0
New Delhi-8118,2025-03-23T20:30:00.000Z,90.0,85.0,5.0
New Delhi-8118,2025-03-23T21:30:00.000Z,94.0,90.0,4.0
New Delhi-8118,2025-03-23T22:30:00.000Z,108.0,94.0,14.0
New Delhi-8118,2025-03-24T01:30:00.000Z,104.0,93.0,11.0
New Delhi-8118,2025-03-24T02:30:00.000Z,113.0,104.0,9.0
New Delhi-8118,2025-03-24T03:30:00.000Z,147.0,113.0,34.0
New Delhi-8118,2025-03-24T08:30:00.000Z,49.0,30.0,19.0
New Delhi-8118,2025-03-24T11:30:00.000Z,21.0,18.0,3.0
New Delhi-8118,2025-03-24T12:30:00.000Z,36.0,21.0,15.0
New Delhi-8118,2025-03-24T13:30:00.000Z,39.0,36.0,3.0
New Delhi-8118,2025-03-24T14:30:00.000Z,60.0,39.0,21.0
New Delhi-8118,2025-03-24T15:30:00.000Z,72.0,60.0,12.0
New Delhi-8118,2025-03-24T16:30:00.000Z,76.0,72.0,4.0
New Delhi-8118,2025-03-24T17:30:00.000Z,77.0,76.0,1.0
New Delhi-8118,2025-03-24T18:30:00.000Z,104.0,77.0,27.0
New Delhi-8118,2025-03-24T19:30:00.000Z,123.0,104.0,19.0
New Delhi-8118,2025-03-24T20:30:00.000Z,125.0,123.0,2.0
New Delhi-8118,2025-03-24T22:30:00.000Z,125.0,120.0,5.0
New Delhi-8118,2025-03-24T23:30:00.000Z,127.0,125.0,2.0
New Delhi-8118,2025-03-25T00:30:00.000Z,132.0,127.0,5.0
New Delhi-8118,2025-03-25T01:30:00.000Z,138.0,132.0,6.0
New Delhi-8118,2025-03-25T02:30:00.000Z,149.0,138.0,11.0
New Delhi-8118,2025-03-25T03:30:00.000Z,164.0,149.0,15.0
New Delhi-8118,2025-03-25T09:30:00.000Z,31.0,26.0,5.0
New Delhi-8118,2025-03-25T11:30:00.000Z,30.0,29.0,1.0
New Delhi-8118,2025-03-25T12:30:00.000Z,35.0,30.0,5.0
New Delhi-8118,2025-03-25T13:30:00.000Z,43.0,35.0,8.0
New Delhi-8118,2025-03-25T14:30:00.000Z,52.0,43.0,9.0
New Delhi-8118,2025-03-25T15:30:00.000Z,62.0,52.0,10.0
New Delhi-8118,2025-03-25T16:30:00.000Z,82.0,62.0,20.0
New Delhi-8118,2025-03-25T17:30:00.000Z,98.0,82.0,16.0
New Delhi-8118,2025-03-25T18:30:00.000Z,111.0,98.0,13.0
New Delhi-8118,2025-03-25T19:30:00.000Z,120.0,111.0,9.0
New Delhi-8118,2025-03-25T21:30:00.000Z,128.0,111.0,17.0
New Delhi-8118,2025-03-25T22:30:00.000Z,134.0,128.0,6.0
New Delhi-8118,2025-03-25T23:30:00.000Z,140.0,134.0,6.0
New Delhi-8118,2025-03-26T01:30:00.000Z,141.0,133.0,8.0
New Delhi-8118,2025-03-26T02:30:00.000Z,162.0,141.0,21.0
New Delhi-8118,2025-03-26T07:30:00.000Z,36.0,32.0,4.0
New Delhi-8118,2025-03-26T08:30:00.000Z,46.0,36.0,10.0
New Delhi-8118,2025-03-26T12:30:00.000Z,25.0,20.0,5.0
New Delhi-8118,2025-03-26T13:30:00.000Z,44.0,25.0,19.0
New Delhi-8118,2025-03-26T14:30:00.000Z,47.0,44.0,3.0
New Delhi-8118,2025-03-26T15:30:00.000Z,74.0,47.0,27.0
New Delhi-8118,2025-03-26T17:30:00.000Z,71.0,68.0,3.0
New Delhi-8118,2025-03-26T18:30:00.000Z,92.0,71.0,21.0
New Delhi-8118,2025-03-26T19:30:00.000Z,100.0,92.0,8.0
New Delhi-8118,2025-03-26T20:30:00.000Z,111.0,100.0,11.0
New Delhi-8118,2025-03-26T21:30:00.000Z,117.0,111.0,6.0
New Delhi-8118,2025-03-26T22:30:00.000Z,122.0,117.0,5.0
New Delhi-8118,2025-03-26T23:30:00.000Z,124.0,122.0,2.0
New Delhi-8118,2025-03-27T00:30:00.000Z,139.0,124.0,15.0
New Delhi-8118,2025-03-27T01:30:00.000Z,170.0,139.0,31.0
New Delhi-8118,2025-03-27T04:30:00.000Z,70.0,68.0,2.0
New Delhi-8118,2025-03-27T08:30:00.000Z,37.0,32.0,5.0
New Delhi-8118,2025-03-27T11:30:00.000Z,27.0,26.0,1.0
New Delhi-8118,2025-03-27T12:30:00.000Z,34.0,27.0,7.0
New Delhi-8118,2025-03-27T14:30:00.000Z,44.0,33.0,11.0
New Delhi-8118,2025-03-27T15:30:00.000Z,59.0,44.0,15.0
New Delhi-8118,2025-03-27T17:30:00.000Z,56.0,51.0,5.0
New Delhi-8118,2025-03-27T18:30:00.000Z,68.0,56.0,12.0
New Delhi-8118,2025-03-27T19:30:00.000Z,72.0,68.0,4.0
New Delhi-8118,2025-03-27T20:30:00.000Z,153.0,72.0,81.0
New Delhi-8118,2025-03-27T21:30:00.000Z,174.0,153.0,21.0
New Delhi-8118,2025-03-28T01:30:00.000Z,53.0,44.0,9.0
New Delhi-8118,2025-03-28T02:30:00.000Z,75.0,53.0,22.0
New Delhi-8118,2025-03-28T03:30:00.000Z,79.0,75.0,4.0
New Delhi-8118,2025-03-28T05:30:00.000Z,62.0,60.0,2.0
New Delhi-8118,2025-03-28T07:30:00.000Z,42.0,37.0,5.0
New Delhi-8118,2025-03-28T11:30:00.000Z,27.0,26.0,1.0
New Delhi-8118,2025-03-28T13:30:00.000Z,32.0,27.0,5.0
New Delhi-8118,2025-03-28T14:30:00.000Z,36.0,32.0,4.0
New Delhi-8118,2025-03-28T19:30:00.000Z,26.0,24.0,2.0
New Delhi-8118,2025-03-28T20:30:00.000Z,41.0,26.0,15.0
New Delhi-8118,2025-03-28T21:30:00.000Z,46.0,41.0,5.0
New Delhi-8118,2025-03-28T22:30:00.000Z,49.0,46.0,3.0
New Delhi-8118,2025-03-29T01:30:00.000Z,48.0,37.0,11.0
New Delhi-8118,2025-03-29T02:30:00.000Z,61.0,48.0,13.0
New Delhi-8118,2025-03-29T03:30:00.000Z,73.0,61.0,12.0
New Delhi-8118,2025-03-29T12:30:00.000Z,21.0,13.0,8.0
New Delhi-8118,2025-03-29T13:30:00.000Z,25.0,21.0,4.0
New Delhi-8118,2025-03-29T15:30:00.000Z,38.0,24.0,14.0
New Delhi-8118,2025-03-29T18:30:00.000Z,43.0,33.0,10.0
New Delhi-8118,2025-03-29T19:30:00.000Z,58.0,43.0,15.0
New Delhi-8118,2025-03-29T21:30:00.000Z,62.0,57.0,5.0
New Delhi-8118,2025-03-29T23:30:00.000Z,62.0,55.0,7.0
New Delhi-8118,2025-03-30T01:30:00.000Z,71.0,48.0,23.0
New Delhi-8118,2025-03-30T03:30:00.000Z,75.0,64.0,11.0
New Delhi-8118,2025-03-30T09:30:00.000Z,17.0,13.0,4.0
New Delhi-8118,2025-03-30T12:30:00.000Z,17.0,14.0,3.0
New Delhi-8118,2025-03-30T13:30:00.000Z,19.0,17.0,2.0
New Delhi-8118,2025-03-30T14:30:00.000Z,22.0,19.0,3.0
New Delhi-8118,2025-03-30T15:30:00.000Z,36.0,22.0,14.0
New Delhi-8118,2025-03-30T16:30:00.000Z,53.0,36.0,17.0
New Delhi-8118,2025-03-30T17:30:00.000Z,65.0,53.0,12.0
New Delhi-8118,2025-03-30T18:30:00.000Z,70.0,65.0,5.0
New Delhi-8118,2025-03-30T20:30:00.000Z,78.0,67.0,11.0
New Delhi-8118,2025-03-30T21:30:00.000Z,99.0,78.0,21.0
New Delhi-8118,2025-03-30T23:30:00.000Z,110.0,95.0,15.0
New Delhi-8118,2025-03-31T00:30:00.000Z,197.0,110.0,87.0
New Delhi-8118,2025-03-31T02:30:00.000Z,165.0,163.0,2.0
New Delhi-8118,2025-03-31T03:30:00.000Z,170.0,165.0,5.0
New Delhi-8118,2025-03-31T12:30:00.000Z,29.0,8.0,21.0
New Delhi-8118,2025-03-31T14:30:00.000Z,29.0,13.0,16.0
New Delhi-8118,2025-03-31T15:30:00.000Z,41.0,29.0,12.0
New Delhi-8118,2025-03-31T16:30:00.000Z,50.0,41.0,9.0
New Delhi-8118,2025-03-31T18:30:00.000Z,74.0,44.0,30.0
New Delhi-8118,2025-03-31T21:30:00.000Z,63.0,50.0,13.0
New Delhi-8118,2025-03-31T23:30:00.000Z,80.0,63.0,17.0
New Delhi-8118,2025-04-01T00:30:00.000Z,142.0,80.0,62.0
New Delhi-8118,2025-04-01T01:30:00.000Z,167.0,142.0,25.0
New Delhi-8118,2025-04-01T09:30:00.000Z,23.0,22.0,1.0
New Delhi-8118,2025-04-01T10:30:00.000Z,26.0,23.0,3.0
New Delhi-8118,2025-04-01T12:30:00.000Z,23.0,18.0,5.0
New Delhi-8118,2025-04-01T13:30:00.000Z,27.0,23.0,4.0
New Delhi-8118,2025-04-01T14:30:00.000Z,43.0,27.0,16.0
New Delhi-8118,2025-04-01T15:30:00.000Z,69.0,43.0,26.0
New Delhi-8118,2025-04-01T17:30:00.000Z,98.0,65.0,33.0
New Delhi-8118,2025-04-01T18:30:00.000Z,116.0,98.0,18.0
New Delhi-8118,2025-04-01T22:30:00.000Z,99.0,96.0,3.0
New Delhi-8118,2025-04-01T23:30:00.000Z,107.0,99.0,8.0
New Delhi-8118,2025-04-02T00:30:00.000Z,158.0,107.0,51.0
New Delhi-8118,2025-04-02T01:30:00.000Z,211.0,158.0,53.0
New Delhi-8118,2025-04-02T02:30:00.000Z,244.0,211.0,33.0
New Delhi-8118,2025-04-02T11:30:00.000Z,28.0,27.0,1.0
New Delhi-8118,2025-04-02T12:30:00.000Z,76.0,28.0,48.0
New Delhi-8118,2025-04-02T14:30:00.000Z,49.0,42.0,7.0
New Delhi-8118,2025-04-02T15:30:00.000Z,55.0,49.0,6.0
New Delhi-8118,2025-04-02T16:30:00.000Z,111.0,55.0,56.0
New Delhi-8118,2025-04-02T18:30:00.000Z,72.0,69.0,3.0
New Delhi-8118,2025-04-02T19:30:00.000Z,88.0,72.0,16.0
New Delhi-8118,2025-04-02T20:30:00.000Z,90.0,88.0,2.0
New Delhi-8118,2025-04-03T01:30:00.000Z,88.0,74.0,14.0
New Delhi-8118,2025-04-03T02:30:00.000Z,92.0,88.0,4.0
New Delhi-8118,2025-04-03T03:30:00.000Z,103.0,92.0,11.0
New Delhi-8118,2025-04-03T11:30:00.000Z,22.0,13.0,9.0
New Delhi-8118,2025-04-03T12:30:00.000Z,30.0,22.0,8.0
New Delhi-8118,2025-04-03T14:30:00.000Z,59.0,30.0,29.0
New Delhi-8118,2025-04-03T15:30:00.000Z,79.0,59.0,20.0
New Delhi-8118,2025-04-03T17:30:00.000Z,57.0,52.0,5.0
New Delhi-8118,2025-04-03T19:30:00.000Z,62.0,56.0,6.0
New Delhi-8118,2025-04-03T21:30:00.000Z,83.0,61.0,22.0
New Delhi-8118,2025-04-03T22:30:00.000Z,90.0,83.0,7.0
New Delhi-8118,2025-04-03T23:30:00.000Z,94.0,90.0,4.0
New Delhi-8118,2025-04-04T00:30:00.000Z,97.0,94.0,3.0
New Delhi-8118,2025-04-04T01:30:00.000Z,107.0,97.0,10.0
New Delhi-8118,2025-04-04T02:30:00.000Z,128.0,107.0,21.0
New Delhi-8118,2025-04-04T03:30:00.000Z,145.0,128.0,17.0
New Delhi-8118,2025-04-04T07:30:00.000Z,49.0,42.0,7.0
New Delhi-8118,2025-04-04T10:30:00.000Z,28.0,27.0,1.0
New Delhi-8118,2025-04-04T12:30:00.000Z,29.0,24.0,5.0
New Delhi-8118,2025-04-04T13:30:00.000Z,31.0,29.0,2.0
New Delhi-8118,2025-04-04T14:30:00.000Z,44.0,31.0,13.0
New Delhi-8118,2025-04-04T15:30:00.000Z,56.0,44.0,12.0
New Delhi-8118,2025-04-04T16:30:00.000Z,59.0,56.0,3.0
New Delhi-8118,2025-04-04T20:30:00.000Z,43.0,33.0,10.0
New Delhi-8118,2025-04-04T23:30:00.000Z,58.0,41.0,17.0
New Delhi-8118,2025-04-05T00:30:00.000Z,81.0,58.0,23.0
New Delhi-8118,2025-04-05T01:30:00.000Z,143.0,81.0,62.0
New Delhi-8118,2025-04-05T02:30:00.000Z,158.0,143.0,15.0
New Delhi-8118,2025-04-05T05:30:00.000Z,98.0,92.0,6.0
New Delhi-8118,2025-04-05T13:30:00.000Z,28.0,25.0,3.0
New Delhi-8118,2025-04-05T14:30:00.000Z,33.0,28.0,5.0
New Delhi-8118,2025-04-05T15:30:00.000Z,56.0,33.0,23.0
New Delhi-8118,2025-04-05T16:30:00.000Z,67.0,56.0,11.0
New Delhi-8118,2025-04-05T17:30:00.000Z,80.0,67.0,13.0
New Delhi-8118,2025-04-05T18:30:00.000Z,99.0,80.0,19.0
New Delhi-8118,2025-04-05T19:30:00.000Z,108.0,99.0,9.0
New Delhi-8118,2025-04-05T21:30:00.000Z,117.0,107.0,10.0
New Delhi-8118,2025-04-05T22:30:00.000Z,147.0,117.0,30.0
New Delhi-8118,2025-04-05T23:30:00.000Z,174.0,147.0,27.0
New Delhi-8118,2025-04-06T07:30:00.000Z,59.0,46.0,13.0
New Delhi-8118,2025-04-06T13:30:00.000Z,28.0,22.0,6.0
New Delhi-8118,2025-04-06T14:30:00.000Z,53.0,28.0,25.0
New Delhi-8118,2025-04-06T17:30:00.000Z,61.0,46.0,15.0
New Delhi-8118,2025-04-06T18:30:00.000Z,73.0,61.0,12.0
New Delhi-8118,2025-04-06T19:30:00.000Z,74.0,73.0,1.0
New Delhi-8118,2025-04-06T20:30:00.000Z,86.0,74.0,12.0
New Delhi-8118,2025-04-06T21:30:00.000Z,90.0,86.0,4.0
New Delhi-8118,2025-04-06T22:30:00.000Z,93.0,90.0,3.0
New Delhi-8118,2025-04-07T00:30:00.000Z,97.0,91.0,6.0
New Delhi-8118,2025-04-07T01:30:00.000Z,104.0,97.0,7.0
New Delhi-8118,2025-04-07T02:30:00.000Z,152.0,104.0,48.0
New Delhi-8118,2025-04-07T03:30:00.000Z,190.0,152.0,38.0
New Delhi-8118,2025-04-07T11:30:00.000Z,48.0,39.0,9.0
New Delhi-8118,2025-04-07T13:30:00.000Z,50.0,46.0,4.0
New Delhi-8118,2025-04-07T14:30:00.000Z,63.0,50.0,13.0
New Delhi-8118,2025-04-07T15:30:00.000Z,72.0,63.0,9.0
New Delhi-8118,2025-04-07T16:30:00.000Z,81.0,72.0,9.0
New Delhi-8118,2025-04-07T17:30:00.000Z,87.0,81.0,6.0
New Delhi-8118,2025-04-07T18:30:00.000Z,101.0,87.0,14.0
New Delhi-8118,2025-04-07T19:30:00.000Z,109.0,101.0,8.0
New Delhi-8118,2025-04-07T20:30:00.000Z,120.0,109.0,11.0
New Delhi-8118,2025-04-07T22:30:00.000Z,107.0,104.0,3.0
New Delhi-8118,2025-04-08T02:30:00.000Z,120.0,98.0,22.0
New Delhi-8118,2025-04-08T05:30:00.000Z,100.0,98.0,2.0
New Delhi-8118,2025-04-08T12:30:00.000Z,60.0,56.0,4.0
New Delhi-8118,2025-04-08T13:30:00.000Z,80.0,60.0,20.0
New Delhi-8118,2025-04-08T14:30:00.000Z,89.0,80.0,9.0
New Delhi-8118,2025-04-08T15:30:00.000Z,96.0,89.0,7.0
New Delhi-8118,2025-04-08T16:30:00.000Z,105.0,96.0,9.0
New Delhi-8118,2025-04-08T21:30:00.000Z,102.0,91.0,11.0
New Delhi-8118,2025-04-08T22:30:00.000Z,105.0,102.0,3.0
New Delhi-8118,2025-04-09T01:30:00.000Z,103.0,94.0,9.0
New Delhi-8118,2025-04-09T02:30:00.000Z,110.0,103.0,7.0
New Delhi-8118,2025-04-09T04:30:00.000Z,115.0,109.0,6.0
New Delhi-8118,2025-04-09T13:30:00.000Z,83.0,70.0,13.0
New Delhi-8118,2025-04-09T14:30:00.000Z,96.0,83.0,13.0
New Delhi-8118,2025-04-09T15:30:00.000Z,107.0,96.0,11.0
New Delhi-8118,2025-04-09T16:30:00.000Z,113.0,107.0,6.0
New Delhi-8118,2025-04-09T17:30:00.000Z,115.0,113.0,2.0
New Delhi-8118,2025-04-09T20:30:00.000Z,84.0,76.0,8.0
New Delhi-8118,2025-04-10T00:30:00.000Z,70.0,64.0,6.0
New Delhi-8118,2025-04-10T01:30:00.000Z,84.0,70.0,14.0
New Delhi-8118,2025-04-10T02:30:00.000Z,148.0,84.0,64.0
New Delhi-8118,2025-04-10T07:30:00.000Z,58.0,50.0,8.0
New Delhi-8118,2025-04-10T08:30:00.000Z,65.0,58.0,7.0
New Delhi-8118,2025-04-10T09:30:00.000Z,71.0,65.0,6.0
New Delhi-8118,2025-04-10T12:30:00.000Z,92.0,56.0,36.0
New Delhi-8118,2025-04-10T16:30:00.000Z,42.0,26.0,16.0
New Delhi-8118,2025-04-10T18:30:00.000Z,35.0,33.0,2.0
New Delhi-8118,2025-04-10T19:30:00.000Z,48.0,35.0,13.0
New Delhi-8118,2025-04-10T23:30:00.000Z,40.0,31.0,9.0
New Delhi-8118,2025-04-11T00:30:00.000Z,44.0,40.0,4.0
New Delhi-8118,2025-04-11T01:30:00.000Z,54.0,44.0,10.0
New Delhi-8118,2025-04-11T03:30:00.000Z,49.0,44.0,5.0
New Delhi-8118,2025-04-11T04:30:00.000Z,64.0,49.0,15.0
New Delhi-8118,2025-04-11T07:30:00.000Z,63.0,59.0,4.0
New Delhi-8118,2025-04-11T08:30:00.000Z,87.0,63.0,24.0
New Delhi-8118,2025-04-11T11:30:00.000Z,47.0,28.0,19.0
New Delhi-8118,2025-04-11T13:30:00.000Z,109.0,39.0,70.0
New Delhi-8118,2025-04-11T17:30:00.000Z,27.0,13.0,14.0
New Delhi-8118,2025-04-11T18:30:00.000Z,36.0,27.0,9.0
New Delhi-8118,2025-04-11T22:30:00.000Z,25.0,22.0,3.0
New Delhi-8118,2025-04-11T23:30:00.000Z,47.0,25.0,22.0
New Delhi-8118,2025-04-12T02:30:00.000Z,45.0,42.0,3.0
New Delhi-8118,2025-04-12T03:30:00.000Z,52.0,45.0,7.0
New Delhi-8118,2025-04-12T04:30:00.000Z,83.0,52.0,31.0
New Delhi-8118,2025-04-12T06:30:00.000Z,67.0,46.0,21.0
New Delhi-8118,2025-04-12T08:30:00.000Z,59.0,56.0,3.0
New Delhi-8118,2025-04-12T11:30:00.000Z,47.0,46.0,1.0
New Delhi-8118,2025-04-12T13:30:00.000Z,51.0,42.0,9.0
New Delhi-8118,2025-04-12T14:30:00.000Z,54.0,51.0,3.0
New Delhi-8118,2025-04-12T15:30:00.000Z,56.0,54.0,2.0
New Delhi-8118,2025-04-12T16:30:00.000Z,67.0,56.0,11.0
New Delhi-8118,2025-04-12T18:30:00.000Z,53.0,44.0,9.0
New Delhi-8118,2025-04-12T20:30:00.000Z,36.0,30.0,6.0
New Delhi-8118,2025-04-12T22:30:00.000Z,38.0,36.0,2.0
New Delhi-8118,2025-04-12T23:30:00.000Z,41.0,38.0,3.0
New Delhi-8118,2025-04-13T00:30:00.000Z,44.0,41.0,3.0
New Delhi-8118,2025-04-13T01:30:00.000Z,47.0,44.0,3.0
New Delhi-8118,2025-04-13T02:30:00.000Z,63.0,47.0,16.0
New Delhi-8118,2025-04-13T04:30:00.000Z,71.0,60.0,11.0
New Delhi-8118,2025-04-13T06:30:00.000Z,60.0,59.0,1.0
New Delhi-8118,2025-04-13T08:30:00.000Z,57.0,39.0,18.0
New Delhi-8118,2025-04-13T11:30:00.000Z,51.0,43.0,8.0
New Delhi-8118,2025-04-13T14:30:00.000Z,51.0,43.0,8.0
New Delhi-8118,2025-04-13T15:30:00.000Z,78.0,51.0,27.0
New Delhi-8118,2025-04-13T17:30:00.000Z,79.0,78.0,1.0
New Delhi-8118,2025-04-13T19:30:00.000Z,74.0,64.0,10.0
New Delhi-8118,2025-04-13T20:30:00.000Z,83.0,74.0,9.0
New Delhi-8118,2025-04-13T23:30:00.000Z,87.0,78.0,9.0
New Delhi-8118,2025-04-14T00:30:00.000Z,109.0,87.0,22.0
New Delhi-8118,2025-04-14T01:30:00.000Z,130.0,109.0,21.0
New Delhi-8118,2025-04-14T12:30:00.000Z,28.0,24.0,4.0
New Delhi-8118,2025-04-14T13:30:00.000Z,36.0,28.0,8.0
New Delhi-8118,2025-04-14T14:30:00.000Z,44.0,36.0,8.0
New Delhi-8118,2025-04-14T15:30:00.000Z,55.0,44.0,11.0
New Delhi-8118,2025-04-14T16:30:00.000Z,65.0,55.0,10.0
New Delhi-8118,2025-04-14T19:30:00.000Z,68.0,58.0,10.0
New Delhi-8118,2025-04-14T20:30:00.000Z,76.0,68.0,8.0
New Delhi-8118,2025-04-15T00:30:00.000Z,83.0,67.0,16.0
New Delhi-8118,2025-04-15T01:30:00.000Z,94.0,83.0,11.0
New Delhi-8118,2025-04-15T02:30:00.000Z,107.0,94.0,13.0
New Delhi-8118,2025-04-15T08:30:00.000Z,36.0,35.0,1.0
New Delhi-8118,2025-04-15T11:30:00.000Z,38.0,32.0,6.0
New Delhi-8118,2025-04-15T12:30:00.000Z,41.0,38.0,3.0
New Delhi-8118,2025-04-15T13:30:00.000Z,47.0,41.0,6.0
New Delhi-8118,2025-04-15T14:30:00.000Z,56.0,47.0,9.0
New Delhi-8118,2025-04-15T15:30:00.000Z,70.0,56.0,14.0
New Delhi-8118,2025-04-15T18:30:00.000Z,69.0,66.0,3.0
New Delhi-8118,2025-04-15T19:30:00.000Z,71.0,69.0,2.0
New Delhi-8118,2025-04-15T21:30:00.000Z,69.0,68.0,1.0
New Delhi-8118,2025-04-15T22:30:00.000Z,71.0,69.0,2.0
New Delhi-8118,2025-04-16T00:30:00.000Z,74.0,69.0,5.0
New Delhi-8118,2025-04-16T01:30:00.000Z,121.0,74.0,47.0
New Delhi-8118,2025-04-16T02:30:00.000Z,154.0,121.0,33.0
New Delhi-8118,2025-04-16T05:30:00.000Z,83.0,75.0,8.0
New Delhi-8118,2025-04-16T06:30:00.000Z,89.0,83.0,6.0
New Delhi-8118,2025-04-16T07:30:00.000Z,132.0,89.0,43.0
New Delhi-8118,2025-04-16T11:30:00.000Z,69.0,67.0,2.0
New Delhi-8118,2025-04-16T13:30:00.000Z,66.0,65.0,1.0
New Delhi-8118,2025-04-16T14:30:00.000Z,73.0,66.0,7.0
New Delhi-8118,2025-04-16T15:30:00.000Z,77.0,73.0,4.0
New Delhi-8118,2025-04-16T18:30:00.000Z,70.0,69.0,1.0
New Delhi-8118,2025-04-16T19:30:00.000Z,80.0,70.0,10.0
New Delhi-8118,2025-04-16T22:30:00.000Z,72.0,71.0,1.0
New Delhi-8118,2025-04-16T23:30:00.000Z,121.0,72.0,49.0
New Delhi-8118,2025-04-17T03:30:00.000Z,62.0,60.0,2.0
New Delhi-8118,2025-04-17T05:30:00.000Z,65.0,61.0,4.0
New Delhi-8118,2025-04-17T07:30:00.000Z,58.0,54.0,4.0
New Delhi-8118,2025-04-17T09:30:00.000Z,47.0,46.0,1.0
New Delhi-8118,2025-04-17T10:30:00.000Z,49.0,47.0,2.0
New Delhi-8118,2025-04-17T11:30:00.000Z,51.0,49.0,2.0
New Delhi-8118,2025-04-17T12:30:00.000Z,62.0,51.0,11.0
New Delhi-8118,2025-04-17T14:30:00.000Z,74.0,60.0,14.0
New Delhi-8118,2025-04-17T15:30:00.000Z,79.0,74.0,5.0
New Delhi-8118,2025-04-17T16:30:00.000Z,84.0,79.0,5.0
New Delhi-8118,2025-04-17T17:30:00.000Z,90.0,84.0,6.0
New Delhi-8118,2025-04-17T18:30:00.000Z,94.0,90.0,4.0
New Delhi-8118,2025-04-17T22:30:00.000Z,61.0,55.0,6.0
New Delhi-8118,2025-04-18T00:30:00.000Z,64.0,59.0,5.0
New Delhi-8118,2025-04-18T02:30:00.000Z,75.0,60.0,15.0
New Delhi-8118,2025-04-18T03:30:00.000Z,80.0,75.0,5.0
New Delhi-8118,2025-04-18T04:30:00.000Z,291.0,80.0,211.0
New Delhi-8118,2025-04-18T07:30:00.000Z,106.0,90.0,16.0
New Delhi-8118,2025-04-18T08:30:00.000Z,109.0,106.0,3.0
New Delhi-8118,2025-04-18T09:30:00.000Z,132.0,109.0,23.0
New Delhi-8118,2025-04-18T13:30:00.000Z,84.0,63.0,21.0
New Delhi-8118,2025-04-18T14:30:00.000Z,88.0,84.0,4.0
New Delhi-8118,2025-04-18T15:30:00.000Z,90.0,88.0,2.0
New Delhi-8118,2025-04-18T23:30:00.000Z,44.0,29.0,15.0
New Delhi-8118,2025-04-19T01:30:00.000Z,53.0,44.0,9.0
New Delhi-8118,2025-04-19T02:30:00.000Z,60.0,53.0,7.0
New Delhi-8118,2025-04-19T03:30:00.000Z,67.0,60.0,7.0
New Delhi-8118,2025-04-19T04:30:00.000Z,79.0,67.0,12.0
New Delhi-8118,2025-04-19T05:30:00.000Z,93.0,79.0,14.0
New Delhi-8118,2025-04-19T15:30:00.000Z,43.0,32.0,11.0
New Delhi-8118,2025-04-19T18:30:00.000Z,32.0,30.0,2.0
New Delhi-8118,2025-04-19T20:30:00.000Z,36.0,27.0,9.0
New Delhi-8118,2025-04-19T23:30:00.000Z,34.0,31.0,3.0
New Delhi-8118,2025-04-20T00:30:00.000Z,36.0,34.0,2.0
New Delhi-8118,2025-04-20T01:30:00.000Z,37.0,36.0,1.0
New Delhi-8118,2025-04-20T02:30:00.000Z,44.0,37.0,7.0
New Delhi-8118,2025-04-20T03:30:00.000Z,46.0,44.0,2.0
New Delhi-8118,2025-04-20T04:30:00.000Z,56.0,46.0,10.0
New Delhi-8118,2025-04-20T05:30:00.000Z,61.0,56.0,5.0
New Delhi-8118,2025-04-20T06:30:00.000Z,69.0,61.0,8.0
New Delhi-8118,2025-04-20T07:30:00.000Z,73.0,69.0,4.0
New Delhi-8118,2025-04-20T11:30:00.000Z,56.0,53.0,3.0
New Delhi-8118,2025-04-20T14:30:00.000Z,61.0,51.0,10.0
New Delhi-8118,2025-04-20T15:30:00.000Z,65.0,61.0,4.0
New Delhi-8118,2025-04-20T16:30:00.000Z,69.0,65.0,4.0
New Delhi-8118,2025-04-20T17:30:00.000Z,73.0,69.0,4.0
New Delhi-8118,2025-04-20T18:30:00.000Z,80.0,73.0,7.0
New Delhi-8118,2025-04-20T21:30:00.000Z,82.0,72.0,10.0
New Delhi-8118,2025-04-20T22:30:00.000Z,84.0,82.0,2.0
New Delhi-8118,2025-04-21T00:30:00.000Z,85.0,83.0,2.0
New Delhi-8118,2025-04-21T01:30:00.000Z,86.0,85.0,1.0
New Delhi-8118,2025-04-21T02:30:00.000Z,99.0,86.0,13.0
New Delhi-8118,2025-04-21T03:30:00.000Z,108.0,99.0,9.0
New Delhi-8118,2025-04-21T14:30:00.000Z,47.0,36.0,11.0
New Delhi-8118,2025-04-21T15:30:00.000Z,63.0,47.0,16.0
New Delhi-8118,2025-04-21T16:30:00.000Z,66.0,63.0,3.0
New Delhi-8118,2025-04-21T17:30:00.000Z,70.0,66.0,4.0
New Delhi-8118,2025-04-21T18:30:00.000Z,78.0,70.0,8.0
New Delhi-8118,2025-04-21T19:30:00.000Z,99.0,78.0,21.0
New Delhi-8118,2025-04-21T22:30:00.000Z,97.0,84.0,13.0
New Delhi-8118,2025-04-21T23:30:00.000Z,115.0,97.0,18.0
New Delhi-8118,2025-04-22T03:30:00.000Z,78.0,66.0,12.0
New Delhi-8118,2025-04-22T04:30:00.000Z,156.0,78.0,78.0
New Delhi-8118,2025-04-22T08:30:00.000Z,79.0,54.0,25.0
New Delhi-8118,2025-04-22T09:30:00.000Z,116.0,79.0,37.0
New Delhi-8118,2025-04-22T14:30:00.000Z,47.0,39.0,8.0
New Delhi-8118,2025-04-22T15:30:00.000Z,59.0,47.0,12.0
New Delhi-8118,2025-04-22T16:30:00.000Z,69.0,59.0,10.0
New Delhi-8118,2025-04-22T17:30:00.000Z,88.0,69.0,19.0
New Delhi-8118,2025-04-22T18:30:00.000Z,98.0,88.0,10.0
New Delhi-8118,2025-04-22T21:30:00.000Z,62.0,60.0,2.0
New Delhi-8118,2025-04-23T00:30:00.000Z,106.0,59.0,47.0
New Delhi-8118,2025-04-23T01:30:00.000Z,150.0,106.0,44.0
New Delhi-8118,2025-04-23T04:30:00.000Z,94.0,84.0,10.0
New Delhi-8118,2025-04-23T09:30:00.000Z,54.0,44.0,10.0
New Delhi-8118,2025-04-23T12:30:00.000Z,51.0,43.0,8.0
New Delhi-8118,2025-04-23T14:30:00.000Z,53.0,49.0,4.0
New Delhi-8118,2025-04-23T15:30:00.000Z,67.0,53.0,14.0
New Delhi-8118,2025-04-23T16:30:00.000Z,71.0,67.0,4.0
New Delhi-8118,2025-04-23T17:30:00.000Z,76.0,71.0,5.0
New Delhi-8118,2025-04-23T18:30:00.000Z,109.0,76.0,33.0
New Delhi-8118,2025-04-23T19:30:00.000Z,173.0,109.0,64.0
New Delhi-8118,2025-04-23T20:30:00.000Z,181.0,173.0,8.0
New Delhi-8118,2025-04-23T21:30:00.000Z,195.0,181.0,14.0
New Delhi-8118,2025-04-24T01:30:00.000Z,121.0,112.0,9.0
New Delhi-8118,2025-04-24T04:30:00.000Z,88.0,84.0,4.0
New Delhi-8118,2025-04-24T11:30:00.000Z,42.0,39.0,3.0
New Delhi-8118,2025-04-24T13:30:00.000Z,42.0,40.0,2.0
New Delhi-8118,2025-04-24T14:30:00.000Z,50.0,42.0,8.0
New Delhi-8118,2025-04-24T15:30:00.000Z,59.0,50.0,9.0
New Delhi-8118,2025-04-24T16:30:00.000Z,80.0,59.0,21.0
New Delhi-8118,2025-04-24T18:30:00.000Z,73.0,70.0,3.0
New Delhi-8118,2025-04-24T20:30:00.000Z,77.0,71.0,6.0
New Delhi-8118,2025-04-24T21:30:00.000Z,80.0,77.0,3.0
New Delhi-8118,2025-04-24T22:30:00.000Z,88.0,80.0,8.0
New Delhi-8118,2025-04-24T23:30:00.000Z,91.0,88.0,3.0
New Delhi-8118,2025-04-25T00:30:00.000Z,92.0,91.0,1.0
New Delhi-8118,2025-04-25T01:30:00.000Z,112.0,92.0,20.0
New Delhi-8118,2025-04-25T03:30:00.000Z,112.0,94.0,18.0
New Delhi-8118,2025-04-25T04:30:00.000Z,134.0,112.0,22.0
New Delhi-8118,2025-04-25T05:30:00.000Z,164.0,134.0,30.0
New Delhi-8118,2025-04-25T10:30:00.000Z,64.0,54.0,10.0
New Delhi-8118,2025-04-25T11:30:00.000Z,68.0,64.0,4.0
New Delhi-8118,2025-04-25T14:30:00.000Z,60.0,56.0,4.0
New Delhi-8118,2025-04-25T15:30:00.000Z,62.0,60.0,2.0
New Delhi-8118,2025-04-25T16:30:00.000Z,80.0,62.0,18.0
New Delhi-8118,2025-04-25T17:30:00.000Z,93.0,80.0,13.0
New Delhi-8118,2025-04-25T18:30:00.000Z,96.0,93.0,3.0
New Delhi-8118,2025-04-25T19:30:00.000Z,110.0,96.0,14.0
New Delhi-8118,2025-04-25T20:30:00.000Z,133.0,110.0,23.0
New Delhi-8118,2025-04-25T21:30:00.000Z,148.0,133.0,15.0
New Delhi-8118,2025-04-25T22:30:00.000Z,151.0,148.0,3.0
New Delhi-8118,2025-04-26T01:30:00.000Z,140.0,125.0,15.0
New Delhi-8118,2025-04-26T02:30:00.000Z,160.0,140.0,20.0
New Delhi-8118,2025-04-26T03:30:00.000Z,183.0,160.0,23.0
New Delhi-8118,2025-04-26T09:30:00.000Z,47.0,31.0,16.0
New Delhi-8118,2025-04-26T10:30:00.000Z,144.0,47.0,97.0
New Delhi-8118,2025-04-26T11:30:00.000Z,146.0,144.0,2.0
New Delhi-8118,2025-04-26T12:30:00.000Z,213.0,146.0,67.0
New Delhi-8118,2025-04-26T14:30:00.000Z,112.0,104.0,8.0
New Delhi-8118,2025-04-26T19:30:00.000Z,83.0,82.0,1.0
New Delhi-8118,2025-04-26T22:30:00.000Z,55.0,54.0,1.0
New Delhi-8118,2025-04-26T23:30:00.000Z,110.0,55.0,55.0
New Delhi-8118,2025-04-27T00:30:00.000Z,128.0,110.0,18.0
New Delhi-8118,2025-04-27T01:30:00.000Z,160.0,128.0,32.0
New Delhi-8118,2025-04-27T05:30:00.000Z,134.0,110.0,24.0
New Delhi-8118,2025-04-27T13:30:00.000Z,54.0,50.0,4.0
New Delhi-8118,2025-04-27T14:30:00.000Z,63.0,54.0,9.0
New Delhi-8118,2025-04-27T15:30:00.000Z,69.0,63.0,6.0
New Delhi-8118,2025-04-27T16:30:00.000Z,90.0,69.0,21.0
New Delhi-8118,2025-04-27T17:30:00.000Z,115.0,90.0,25.0
New Delhi-8118,2025-04-27T18:30:00.000Z,159.0,115.0,44.0
US Diplomatic Post: New Delhi-8118,2025-01-02T20:30:00.000Z,213.0,210.0,3.0
US Diplomatic Post: New Delhi-8118,2025-01-02T23:30:00.000Z,220.0,200.0,20.0
US Diplomatic Post: New Delhi-8118,2025-01-03T02:30:00.000Z,203.0,-999.0,1202.0
US Diplomatic Post: New Delhi-8118,2025-01-03T04:30:00.000Z,210.0,180.0,30.0
US Diplomatic Post: New Delhi-8118,2025-01-03T05:30:00.000Z,258.0,210.0,48.0
US Diplomatic Post: New Delhi-8118,2025-01-03T06:30:00.000Z,349.0,258.0,91.0
US Diplomatic Post: New Delhi-8118,2025-01-03T07:30:00.000Z,431.0,349.0,82.0
US Diplomatic Post: New Delhi-8118,2025-01-03T12:30:00.000Z,213.0,208.0,5.0
US Diplomatic Post: New Delhi-8118,2025-01-03T13:30:00.000Z,237.0,213.0,24.0
US Diplomatic Post: New Delhi-8118,2025-01-03T14:30:00.000Z,265.0,237.0,28.0
US Diplomatic Post: New Delhi-8118,2025-01-03T16:30:00.000Z,345.0,261.0,84.0
US Diplomatic Post: New Delhi-8118,2025-01-03T17:30:00.000Z,352.0,345.0,7.0
US Diplomatic Post: New Delhi-8118,2025-01-03T22:30:00.000Z,195.0,149.0,46.0
US Diplomatic Post: New Delhi-8118,2025-01-04T00:30:00.000Z,190.0,180.0,10.0
US Diplomatic Post: New Delhi-8118,2025-01-04T03:30:00.000Z,169.0,167.0,2.0
US Diplomatic Post: New Delhi-8118,2025-01-04T04:30:00.000Z,225.0,169.0,56.0
US Diplomatic Post: New Delhi-8118,2025-01-04T05:30:00.000Z,334.0,225.0,109.0
US Diplomatic Post: New Delhi-8118,2025-01-04T06:30:00.000Z,416.0,334.0,82.0
US Diplomatic Post: New Delhi-8118,2025-01-04T07:30:00.000Z,442.0,416.0,26.0
US Diplomatic Post: New Delhi-8118,2025-01-04T14:30:00.000Z,283.0,278.0,5.0
US Diplomatic Post: New Delhi-8118,2025-01-04T15:30:00.000Z,313.0,283.0,30.0
US Diplomatic Post: New Delhi-8118,2025-01-04T16:30:00.000Z,323.0,313.0,10.0
US Diplomatic Post: New Delhi-8118,2025-01-04T18:30:00.000Z,308.0,303.0,5.0
US Diplomatic Post: New Delhi-8118,2025-01-08T06:30:00.000Z,99.0,-999.0,1098.0
US Diplomatic Post: New Delhi-8118,2025-01-08T08:30:00.000Z,81.0,80.0,1.0
US Diplomatic Post: New Delhi-8118,2025-01-08T12:30:00.000Z,86.0,66.0,20.0
US Diplomatic Post: New Delhi-8118,2025-01-08T13:30:00.000Z,117.0,86.0,31.0
US Diplomatic Post: New Delhi-8118,2025-01-08T14:30:00.000Z,129.0,117.0,12.0
US Diplomatic Post: New Delhi-8118,2025-01-08T15:30:00.000Z,195.0,129.0,66.0
US Diplomatic Post: New Delhi-8118,2025-01-08T16:30:00.000Z,245.0,195.0,50.0
US Diplomatic Post: New Delhi-8118,2025-01-08T17:30:00.000Z,270.0,245.0,25.0
US Diplomatic Post: New Delhi-8118,2025-01-08T19:30:00.000Z,265.0,260.0,5.0
US Diplomatic Post: New Delhi-8118,2025-01-09T03:30:00.000Z,192.0,160.0,32.0
US Diplomatic Post: New Delhi-8118,2025-01-09T06:30:00.000Z,180.0,161.0,19.0
US Diplomatic Post: New Delhi-8118,2025-01-09T08:30:00.000Z,427.0,173.0,254.0
US Diplomatic Post: New Delhi-8118,2025-01-09T13:30:00.000Z,374.0,305.0,69.0
US Diplomatic Post: New Delhi-8118,2025-01-09T17:30:00.000Z,339.0,338.0,1.0
US Diplomatic Post: New Delhi-8118,2025-01-09T18:30:00.000Z,347.0,339.0,8.0
US Diplomatic Post: New Delhi-8118,2025-01-09T19:30:00.000Z,351.0,347.0,4.0
US Diplomatic Post: New Delhi-8118,2025-01-09T20:30:00.000Z,359.0,351.0,8.0
US Diplomatic Post: New Delhi-8118,2025-01-09T21:30:00.000Z,373.0,359.0,14.0
US Diplomatic Post: New Delhi-8118,2025-01-10T02:30:00.000Z,183.0,157.0,26.0
US Diplomatic Post: New Delhi-8118,2025-01-10T03:30:00.000Z,198.0,183.0,15.0
US Diplomatic Post: New Delhi-8118,2025-01-10T04:30:00.000Z,207.0,198.0,9.0
US Diplomatic Post: New Delhi-8118,2025-01-10T05:30:00.000Z,248.0,207.0,41.0
US Diplomatic Post: New Delhi-8118,2025-01-10T07:30:00.000Z,222.0,220.0,2.0
US Diplomatic Post: New Delhi-8118,2025-01-10T09:30:00.000Z,209.0,207.0,2.0
US Diplomatic Post: New Delhi-8118,2025-01-10T11:30:00.000Z,203.0,199.0,4.0
US Diplomatic Post: New Delhi-8118,2025-01-10T13:30:00.000Z,217.0,196.0,21.0
US Diplomatic Post: New Delhi-8118,2025-01-10T15:30:00.000Z,283.0,-999.0,1282.0
US Diplomatic Post: New Delhi-8118,2025-01-10T17:30:00.000Z,290.0,273.0,17.0
US Diplomatic Post: New Delhi-8118,2025-01-11T02:30:00.000Z,147.0,128.0,19.0
US Diplomatic Post: New Delhi-8118,2025-01-11T04:30:00.000Z,157.0,143.0,14.0
US Diplomatic Post: New Delhi-8118,2025-01-11T05:30:00.000Z,183.0,157.0,26.0
US Diplomatic Post: New Delhi-8118,2025-01-11T07:30:00.000Z,187.0,174.0,13.0
US Diplomatic Post: New Delhi-8118,2025-01-11T09:30:00.000Z,192.0,182.0,10.0
US Diplomatic Post: New Delhi-8118,2025-01-11T11:30:00.000Z,201.0,174.0,27.0
US Diplomatic Post: New Delhi-8118,2025-01-11T12:30:00.000Z,226.0,201.0,25.0
US Diplomatic Post: New Delhi-8118,2025-01-11T15:30:00.000Z,135.0,134.0,1.0
US Diplomatic Post: New Delhi-8118,2025-01-11T18:30:00.000Z,132.0,126.0,6.0
US Diplomatic Post: New Delhi-8118,2025-01-11T19:30:00.000Z,134.0,132.0,2.0
US Diplomatic Post: New Delhi-8118,2025-01-11T21:30:00.000Z,149.0,129.0,20.0
US Diplomatic Post: New Delhi-8118,2025-01-11T22:30:00.000Z,157.0,149.0,8.0
US Diplomatic Post: New Delhi-8118,2025-01-11T23:30:00.000Z,159.0,157.0,2.0
US Diplomatic Post: New Delhi-8118,2025-01-12T00:30:00.000Z,173.0,159.0,14.0
US Diplomatic Post: New Delhi-8118,2025-01-12T03:30:00.000Z,129.0,127.0,2.0
US Diplomatic Post: New Delhi-8118,2025-01-12T04:30:00.000Z,137.0,129.0,8.0
US Diplomatic Post: New Delhi-8118,2025-01-12T05:30:00.000Z,151.0,137.0,14.0
US Diplomatic Post: New Delhi-8118,2025-01-12T06:30:00.000Z,174.0,151.0,23.0
US Diplomatic Post: New Delhi-8118,2025-01-12T09:30:00.000Z,146.0,144.0,2.0
US Diplomatic Post: New Delhi-8118,2025-01-12T10:30:00.000Z,150.0,146.0,4.0
US Diplomatic Post: New Delhi-8118,2025-01-12T13:30:00.000Z,145.0,138.0,7.0
US Diplomatic Post: New Delhi-8118,2025-01-12T14:30:00.000Z,153.0,145.0,8.0
US Diplomatic Post: New Delhi-8118,2025-01-12T15:30:00.000Z,156.0,153.0,3.0
US Diplomatic Post: New Delhi-8118,2025-01-12T16:30:00.000Z,217.0,156.0,61.0
US Diplomatic Post: New Delhi-8118,2025-01-13T21:30:00.000Z,122.0,107.0,15.0
US Diplomatic Post: New Delhi-8118,2025-01-13T23:30:00.000Z,122.0,121.0,1.0
US Diplomatic Post: New Delhi-8118,2025-01-14T00:30:00.000Z,131.0,122.0,9.0
US Diplomatic Post: New Delhi-8118,2025-01-14T02:30:00.000Z,136.0,124.0,12.0
US Diplomatic Post: New Delhi-8118,2025-01-14T04:30:00.000Z,139.0,134.0,5.0
US Diplomatic Post: New Delhi-8118,2025-01-14T05:30:00.000Z,151.0,139.0,12.0
US Diplomatic Post: New Delhi-8118,2025-01-14T06:30:00.000Z,166.0,151.0,15.0
US Diplomatic Post: New Delhi-8118,2025-01-14T09:30:00.000Z,148.0,140.0,8.0
US Diplomatic Post: New Delhi-8118,2025-01-14T12:30:00.000Z,150.0,134.0,16.0
US Diplomatic Post: New Delhi-8118,2025-01-14T13:30:00.000Z,165.0,150.0,15.0
US Diplomatic Post: New Delhi-8118,2025-01-14T14:30:00.000Z,216.0,165.0,51.0
US Diplomatic Post: New Delhi-8118,2025-01-14T15:30:00.000Z,248.0,216.0,32.0
US Diplomatic Post: New Delhi-8118,2025-01-14T17:30:00.000Z,239.0,219.0,20.0
US Diplomatic Post: New Delhi-8118,2025-01-14T18:30:00.000Z,280.0,239.0,41.0
US Diplomatic Post: New Delhi-8118,2025-01-14T19:30:00.000Z,299.0,280.0,19.0
US Diplomatic Post: New Delhi-8118,2025-01-14T20:30:00.000Z,301.0,299.0,2.0
US Diplomatic Post: New Delhi-8118,2025-01-14T21:30:00.000Z,381.0,301.0,80.0
US Diplomatic Post: New Delhi-8118,2025-01-15T03:30:00.000Z,320.0,291.0,29.0
US Diplomatic Post: New Delhi-8118,2025-01-15T05:30:00.000Z,301.0,267.0,34.0
US Diplomatic Post: New Delhi-8118,2025-01-15T06:30:00.000Z,321.0,301.0,20.0
US Diplomatic Post: New Delhi-8118,2025-01-15T12:30:00.000Z,188.0,187.0,1.0
US Diplomatic Post: New Delhi-8118,2025-01-15T13:30:00.000Z,201.0,188.0,13.0
US Diplomatic Post: New Delhi-8118,2025-01-15T15:30:00.000Z,207.0,192.0,15.0
US Diplomatic Post: New Delhi-8118,2025-01-15T16:30:00.000Z,215.0,207.0,8.0
US Diplomatic Post: New Delhi-8118,2025-01-15T19:30:00.000Z,158.0,156.0,2.0
US Diplomatic Post: New Delhi-8118,2025-01-15T22:30:00.000Z,154.0,145.0,9.0
US Diplomatic Post: New Delhi-8118,2025-01-16T00:30:00.000Z,136.0,-999.0,1135.0
US Diplomatic Post: New Delhi-8118,2025-01-16T03:30:00.000Z,115.0,110.0,5.0
US Diplomatic Post: New Delhi-8118,2025-01-16T04:30:00.000Z,147.0,115.0,32.0
US Diplomatic Post: New Delhi-8118,2025-01-16T05:30:00.000Z,159.0,147.0,12.0
US Diplomatic Post: New Delhi-8118,2025-01-16T09:30:00.000Z,105.0,101.0,4.0
US Diplomatic Post: New Delhi-8118,2025-01-16T10:30:00.000Z,125.0,105.0,20.0
US Diplomatic Post: New Delhi-8118,2025-01-16T11:30:00.000Z,129.0,125.0,4.0
US Diplomatic Post: New Delhi-8118,2025-01-16T13:30:00.000Z,142.0,127.0,15.0
US Diplomatic Post: New Delhi-8118,2025-01-16T14:30:00.000Z,175.0,142.0,33.0
US Diplomatic Post: New Delhi-8118,2025-01-16T15:30:00.000Z,227.0,175.0,52.0
US Diplomatic Post: New Delhi-8118,2025-01-16T16:30:00.000Z,277.0,227.0,50.0
US Diplomatic Post: New Delhi-8118,2025-01-16T17:30:00.000Z,311.0,277.0,34.0
US Diplomatic Post: New Delhi-8118,2025-01-16T20:30:00.000Z,228.0,-999.0,1227.0
US Diplomatic Post: New Delhi-8118,2025-01-17T00:30:00.000Z,133.0,132.0,1.0
US Diplomatic Post: New Delhi-8118,2025-01-17T02:30:00.000Z,126.0,118.0,8.0
US Diplomatic Post: New Delhi-8118,2025-01-17T03:30:00.000Z,138.0,126.0,12.0
US Diplomatic Post: New Delhi-8118,2025-01-17T04:30:00.000Z,157.0,138.0,19.0
US Diplomatic Post: New Delhi-8118,2025-01-17T05:30:00.000Z,165.0,157.0,8.0
US Diplomatic Post: New Delhi-8118,2025-01-17T06:30:00.000Z,166.0,165.0,1.0
US Diplomatic Post: New Delhi-8118,2025-01-17T11:30:00.000Z,119.0,108.0,11.0
US Diplomatic Post: New Delhi-8118,2025-01-17T12:30:00.000Z,128.0,119.0,9.0
US Diplomatic Post: New Delhi-8118,2025-01-17T13:30:00.000Z,140.0,128.0,12.0
US Diplomatic Post: New Delhi-8118,2025-01-17T14:30:00.000Z,170.0,140.0,30.0
US Diplomatic Post: New Delhi-8118,2025-01-17T20:30:00.000Z,153.0,125.0,28.0
US Diplomatic Post: New Delhi-8118,2025-01-18T04:30:00.000Z,117.0,113.0,4.0
US Diplomatic Post: New Delhi-8118,2025-01-18T05:30:00.000Z,132.0,117.0,15.0
US Diplomatic Post: New Delhi-8118,2025-01-18T06:30:00.000Z,137.0,132.0,5.0
US Diplomatic Post: New Delhi-8118,2025-01-18T07:30:00.000Z,147.0,137.0,10.0
US Diplomatic Post: New Delhi-8118,2025-01-18T08:30:00.000Z,178.0,147.0,31.0
US Diplomatic Post: New Delhi-8118,2025-01-18T10:30:00.000Z,219.0,177.0,42.0
US Diplomatic Post: New Delhi-8118,2025-01-18T11:30:00.000Z,220.0,219.0,1.0
US Diplomatic Post: New Delhi-8118,2025-01-18T14:30:00.000Z,188.0,186.0,2.0
US Diplomatic Post: New Delhi-8118,2025-01-18T15:30:00.000Z,196.0,188.0,8.0
US Diplomatic Post: New Delhi-8118,2025-01-18T16:30:00.000Z,228.0,196.0,32.0
US Diplomatic Post: New Delhi-8118,2025-01-18T17:30:00.000Z,295.0,228.0,67.0
US Diplomatic Post: New Delhi-8118,2025-01-18T19:30:00.000Z,225.0,222.0,3.0
US Diplomatic Post: New Delhi-8118,2025-01-18T20:30:00.000Z,232.0,225.0,7.0
US Diplomatic Post: New Delhi-8118,2025-01-19T00:30:00.000Z,220.0,210.0,10.0
US Diplomatic Post: New Delhi-8118,2025-01-19T01:30:00.000Z,246.0,220.0,26.0
US Diplomatic Post: New Delhi-8118,2025-01-19T02:30:00.000Z,280.0,246.0,34.0
US Diplomatic Post: New Delhi-8118,2025-01-19T03:30:00.000Z,293.0,280.0,13.0
US Diplomatic Post: New Delhi-8118,2025-01-19T04:30:00.000Z,369.0,293.0,76.0
US Diplomatic Post: New Delhi-8118,2025-01-19T05:30:00.000Z,386.0,369.0,17.0
US Diplomatic Post: New Delhi-8118,2025-01-19T10:30:00.000Z,95.0,-999.0,1094.0
US Diplomatic Post: New Delhi-8118,2025-01-19T11:30:00.000Z,106.0,95.0,11.0
US Diplomatic Post: New Delhi-8118,2025-01-19T12:30:00.000Z,120.0,106.0,14.0
US Diplomatic Post: New Delhi-8118,2025-01-19T13:30:00.000Z,129.0,120.0,9.0
US Diplomatic Post: New Delhi-8118,2025-01-19T14:30:00.000Z,184.0,129.0,55.0
US Diplomatic Post: New Delhi-8118,2025-01-19T15:30:00.000Z,212.0,184.0,28.0
US Diplomatic Post: New Delhi-8118,2025-01-19T16:30:00.000Z,230.0,212.0,18.0
US Diplomatic Post: New Delhi-8118,2025-01-19T17:30:00.000Z,257.0,230.0,27.0
US Diplomatic Post: New Delhi-8118,2025-01-19T18:30:00.000Z,277.0,257.0,20.0
US Diplomatic Post: New Delhi-8118,2025-01-19T19:30:00.000Z,296.0,277.0,19.0
US Diplomatic Post: New Delhi-8118,2025-01-19T22:30:00.000Z,187.0,170.0,17.0
US Diplomatic Post: New Delhi-8118,2025-01-20T03:30:00.000Z,159.0,156.0,3.0
US Diplomatic Post: New Delhi-8118,2025-01-20T09:30:00.000Z,108.0,-999.0,1107.0
US Diplomatic Post: New Delhi-8118,2025-01-20T11:30:00.000Z,121.0,105.0,16.0
US Diplomatic Post: New Delhi-8118,2025-01-20T12:30:00.000Z,125.0,121.0,4.0
US Diplomatic Post: New Delhi-8118,2025-01-20T13:30:00.000Z,154.0,125.0,29.0
US Diplomatic Post: New Delhi-8118,2025-01-20T14:30:00.000Z,179.0,154.0,25.0
US Diplomatic Post: New Delhi-8118,2025-01-20T15:30:00.000Z,199.0,179.0,20.0
US Diplomatic Post: New Delhi-8118,2025-01-20T16:30:00.000Z,211.0,199.0,12.0
US Diplomatic Post: New Delhi-8118,2025-01-21T19:30:00.000Z,166.0,158.0,8.0
US Diplomatic Post: New Delhi-8118,2025-01-21T23:30:00.000Z,136.0,119.0,17.0
US Diplomatic Post: New Delhi-8118,2025-01-22T01:30:00.000Z,136.0,130.0,6.0
US Diplomatic Post: New Delhi-8118,2025-01-22T03:30:00.000Z,123.0,120.0,3.0
US Diplomatic Post: New Delhi-8118,2025-01-22T04:30:00.000Z,144.0,123.0,21.0
US Diplomatic Post: New Delhi-8118,2025-01-22T12:30:00.000Z,56.0,51.0,5.0
US Diplomatic Post: New Delhi-8118,2025-01-22T13:30:00.000Z,78.0,56.0,22.0
US Diplomatic Post: New Delhi-8118,2025-01-22T14:30:00.000Z,115.0,78.0,37.0
US Diplomatic Post: New Delhi-8118,2025-01-22T15:30:00.000Z,152.0,115.0,37.0
US Diplomatic Post: New Delhi-8118,2025-01-22T16:30:00.000Z,189.0,152.0,37.0
US Diplomatic Post: New Delhi-8118,2025-01-22T17:30:00.000Z,247.0,189.0,58.0
US Diplomatic Post: New Delhi-8118,2025-01-22T18:30:00.000Z,256.0,247.0,9.0
US Diplomatic Post: New Delhi-8118,2025-01-22T21:30:00.000Z,142.0,123.0,19.0
US Diplomatic Post: New Delhi-8118,2025-01-22T22:30:00.000Z,149.0,142.0,7.0
US Diplomatic Post: New Delhi-8118,2025-01-22T23:30:00.000Z,158.0,149.0,9.0
US Diplomatic Post: New Delhi-8118,2025-01-23T02:30:00.000Z,181.0,155.0,26.0
US Diplomatic Post: New Delhi-8118,2025-01-23T04:30:00.000Z,164.0,158.0,6.0
US Diplomatic Post: New Delhi-8118,2025-01-23T05:30:00.000Z,175.0,164.0,11.0
US Diplomatic Post: New Delhi-8118,2025-01-23T10:30:00.000Z,41.0,36.0,5.0
US Diplomatic Post: New Delhi-8118,2025-01-23T12:30:00.000Z,44.0,38.0,6.0
US Diplomatic Post: New Delhi-8118,2025-01-23T13:30:00.000Z,55.0,44.0,11.0
US Diplomatic Post: New Delhi-8118,2025-01-23T14:30:00.000Z,97.0,55.0,42.0
US Diplomatic Post: New Delhi-8118,2025-01-23T15:30:00.000Z,113.0,97.0,16.0
US Diplomatic Post: New Delhi-8118,2025-01-23T19:30:00.000Z,94.0,91.0,3.0
US Diplomatic Post: New Delhi-8118,2025-01-23T20:30:00.000Z,102.0,94.0,8.0
US Diplomatic Post: New Delhi-8118,2025-01-23T22:30:00.000Z,99.0,93.0,6.0
US Diplomatic Post: New Delhi-8118,2025-01-23T23:30:00.000Z,121.0,99.0,22.0
US Diplomatic Post: New Delhi-8118,2025-01-24T00:30:00.000Z,123.0,121.0,2.0
US Diplomatic Post: New Delhi-8118,2025-01-24T04:30:00.000Z,117.0,115.0,2.0
US Diplomatic Post: New Delhi-8118,2025-01-24T11:30:00.000Z,36.0,31.0,5.0
US Diplomatic Post: New Delhi-8118,2025-01-24T12:30:00.000Z,50.0,36.0,14.0
US Diplomatic Post: New Delhi-8118,2025-01-24T13:30:00.000Z,67.0,50.0,17.0
US Diplomatic Post: New Delhi-8118,2025-01-24T14:30:00.000Z,89.0,67.0,22.0
US Diplomatic Post: New Delhi-8118,2025-01-24T15:30:00.000Z,126.0,89.0,37.0
US Diplomatic Post: New Delhi-8118,2025-01-24T16:30:00.000Z,132.0,126.0,6.0
US Diplomatic Post: New Delhi-8118,2025-01-24T19:30:00.000Z,103.0,101.0,2.0
US Diplomatic Post: New Delhi-8118,2025-01-25T03:30:00.000Z,69.0,63.0,6.0
US Diplomatic Post: New Delhi-8118,2025-01-25T08:30:00.000Z,45.0,43.0,2.0
US Diplomatic Post: New Delhi-8118,2025-01-25T11:30:00.000Z,49.0,41.0,8.0
US Diplomatic Post: New Delhi-8118,2025-01-25T12:30:00.000Z,52.0,49.0,3.0
US Diplomatic Post: New Delhi-8118,2025-01-25T13:30:00.000Z,65.0,52.0,13.0
US Diplomatic Post: New Delhi-8118,2025-01-25T14:30:00.000Z,119.0,65.0,54.0
US Diplomatic Post: New Delhi-8118,2025-01-25T20:30:00.000Z,88.0,82.0,6.0
US Diplomatic Post: New Delhi-8118,2025-01-25T21:30:00.000Z,89.0,88.0,1.0
US Diplomatic Post: New Delhi-8118,2025-01-25T22:30:00.000Z,94.0,89.0,5.0
US Diplomatic Post: New Delhi-8118,2025-01-26T00:30:00.000Z,91.0,90.0,1.0
US Diplomatic Post: New Delhi-8118,2025-01-26T03:30:00.000Z,82.0,79.0,3.0
US Diplomatic Post: New Delhi-8118,2025-01-26T04:30:00.000Z,85.0,82.0,3.0
US Diplomatic Post: New Delhi-8118,2025-01-26T05:30:00.000Z,87.0,85.0,2.0
US Diplomatic Post: New Delhi-8118,2025-01-26T09:30:00.000Z,58.0,56.0,2.0
US Diplomatic Post: New Delhi-8118,2025-01-26T11:30:00.000Z,59.0,52.0,7.0
US Diplomatic Post: New Delhi-8118,2025-01-26T13:30:00.000Z,77.0,52.0,25.0
US Diplomatic Post: New Delhi-8118,2025-01-26T14:30:00.000Z,106.0,77.0,29.0
US Diplomatic Post: New Delhi-8118,2025-01-26T15:30:00.000Z,146.0,106.0,40.0
US Diplomatic Post: New Delhi-8118,2025-01-26T19:30:00.000Z,118.0,109.0,9.0
US Diplomatic Post: New Delhi-8118,2025-01-26T20:30:00.000Z,132.0,118.0,14.0
US Diplomatic Post: New Delhi-8118,2025-01-26T21:30:00.000Z,146.0,132.0,14.0
US Diplomatic Post: New Delhi-8118,2025-01-27T01:30:00.000Z,129.0,127.0,2.0
US Diplomatic Post: New Delhi-8118,2025-01-27T04:30:00.000Z,119.0,118.0,1.0
US Diplomatic Post: New Delhi-8118,2025-01-27T07:30:00.000Z,101.0,90.0,11.0
US Diplomatic Post: New Delhi-8118,2025-01-27T10:30:00.000Z,64.0,60.0,4.0
US Diplomatic Post: New Delhi-8118,2025-01-27T11:30:00.000Z,70.0,64.0,6.0
US Diplomatic Post: New Delhi-8118,2025-01-27T12:30:00.000Z,81.0,70.0,11.0
US Diplomatic Post: New Delhi-8118,2025-01-27T13:30:00.000Z,92.0,81.0,11.0
US Diplomatic Post: New Delhi-8118,2025-01-27T14:30:00.000Z,128.0,92.0,36.0
US Diplomatic Post: New Delhi-8118,2025-01-27T15:30:00.000Z,148.0,128.0,20.0
US Diplomatic Post: New Delhi-8118,2025-01-27T21:30:00.000Z,124.0,118.0,6.0
US Diplomatic Post: New Delhi-8118,2025-01-28T00:30:00.000Z,102.0,98.0,4.0
US Diplomatic Post: New Delhi-8118,2025-01-28T01:30:00.000Z,104.0,102.0,2.0
US Diplomatic Post: New Delhi-8118,2025-01-28T02:30:00.000Z,124.0,104.0,20.0
US Diplomatic Post: New Delhi-8118,2025-01-28T04:30:00.000Z,137.0,124.0,13.0
US Diplomatic Post: New Delhi-8118,2025-01-28T08:30:00.000Z,89.0,88.0,1.0
US Diplomatic Post: New Delhi-8118,2025-01-28T11:30:00.000Z,70.0,57.0,13.0
US Diplomatic Post: New Delhi-8118,2025-01-28T12:30:00.000Z,80.0,70.0,10.0
US Diplomatic Post: New Delhi-8118,2025-01-28T13:30:00.000Z,104.0,80.0,24.0
US Diplomatic Post: New Delhi-8118,2025-01-28T14:30:00.000Z,126.0,104.0,22.0
US Diplomatic Post: New Delhi-8118,2025-01-28T15:30:00.000Z,177.0,126.0,51.0
US Diplomatic Post: New Delhi-8118,2025-01-28T16:30:00.000Z,184.0,177.0,7.0
US Diplomatic Post: New Delhi-8118,2025-01-28T20:30:00.000Z,159.0,137.0,22.0
US Diplomatic Post: New Delhi-8118,2025-01-28T21:30:00.000Z,181.0,159.0,22.0
US Diplomatic Post: New Delhi-8118,2025-01-28T22:30:00.000Z,259.0,181.0,78.0
US Diplomatic Post: New Delhi-8118,2025-01-28T23:30:00.000Z,331.0,259.0,72.0
US Diplomatic Post: New Delhi-8118,2025-01-29T00:30:00.000Z,380.0,331.0,49.0
US Diplomatic Post: New Delhi-8118,2025-01-29T01:30:00.000Z,396.0,380.0,16.0
US Diplomatic Post: New Delhi-8118,2025-01-29T04:30:00.000Z,362.0,295.0,67.0
US Diplomatic Post: New Delhi-8118,2025-01-29T12:30:00.000Z,134.0,115.0,19.0
US Diplomatic Post: New Delhi-8118,2025-01-29T13:30:00.000Z,146.0,134.0,12.0
US Diplomatic Post: New Delhi-8118,2025-01-29T14:30:00.000Z,161.0,146.0,15.0
US Diplomatic Post: New Delhi-8118,2025-01-29T15:30:00.000Z,186.0,161.0,25.0
US Diplomatic Post: New Delhi-8118,2025-01-29T16:30:00.000Z,231.0,186.0,45.0
US Diplomatic Post: New Delhi-8118,2025-01-29T17:30:00.000Z,233.0,231.0,2.0
US Diplomatic Post: New Delhi-8118,2025-01-29T19:30:00.000Z,235.0,232.0,3.0
US Diplomatic Post: New Delhi-8118,2025-01-29T20:30:00.000Z,236.0,235.0,1.0
US Diplomatic Post: New Delhi-8118,2025-01-30T01:30:00.000Z,206.0,203.0,3.0
US Diplomatic Post: New Delhi-8118,2025-01-30T02:30:00.000Z,226.0,206.0,20.0
US Diplomatic Post: New Delhi-8118,2025-01-30T03:30:00.000Z,261.0,226.0,35.0
US Diplomatic Post: New Delhi-8118,2025-01-30T10:30:00.000Z,112.0,111.0,1.0
US Diplomatic Post: New Delhi-8118,2025-01-30T11:30:00.000Z,115.0,112.0,3.0
US Diplomatic Post: New Delhi-8118,2025-01-30T12:30:00.000Z,116.0,115.0,1.0
US Diplomatic Post: New Delhi-8118,2025-01-30T13:30:00.000Z,118.0,116.0,2.0
US Diplomatic Post: New Delhi-8118,2025-01-30T15:30:00.000Z,160.0,-999.0,1159.0
US Diplomatic Post: New Delhi-8118,2025-01-30T16:30:00.000Z,169.0,160.0,9.0
US Diplomatic Post: New Delhi-8118,2025-01-30T17:30:00.000Z,186.0,169.0,17.0
US Diplomatic Post: New Delhi-8118,2025-01-30T18:30:00.000Z,198.0,186.0,12.0
US Diplomatic Post: New Delhi-8118,2025-01-30T19:30:00.000Z,202.0,198.0,4.0
US Diplomatic Post: New Delhi-8118,2025-01-30T20:30:00.000Z,211.0,202.0,9.0
US Diplomatic Post: New Delhi-8118,2025-01-30T22:30:00.000Z,196.0,-999.0,1195.0
US Diplomatic Post: New Delhi-8118,2025-01-31T03:30:00.000Z,213.0,-999.0,1212.0
US Diplomatic Post: New Delhi-8118,2025-01-31T04:30:00.000Z,221.0,213.0,8.0
US Diplomatic Post: New Delhi-8118,2025-01-31T06:30:00.000Z,166.0,13.0,153.0
US Diplomatic Post: New Delhi-8118,2025-01-31T11:30:00.000Z,144.0,132.0,12.0
US Diplomatic Post: New Delhi-8118,2025-01-31T12:30:00.000Z,173.0,144.0,29.0
US Diplomatic Post: New Delhi-8118,2025-01-31T13:30:00.000Z,205.0,173.0,32.0
US Diplomatic Post: New Delhi-8118,2025-01-31T14:30:00.000Z,219.0,205.0,14.0
US Diplomatic Post: New Delhi-8118,2025-01-31T15:30:00.000Z,225.0,219.0,6.0
US Diplomatic Post: New Delhi-8118,2025-01-31T16:30:00.000Z,238.0,225.0,13.0
US Diplomatic Post: New Delhi-8118,2025-01-31T17:30:00.000Z,242.0,238.0,4.0
US Diplomatic Post: New Delhi-8118,2025-01-31T18:30:00.000Z,254.0,242.0,12.0
US Diplomatic Post: New Delhi-8118,2025-01-31T19:30:00.000Z,262.0,254.0,8.0
US Diplomatic Post: New Delhi-8118,2025-01-31T21:30:00.000Z,264.0,262.0,2.0
US Diplomatic Post: New Delhi-8118,2025-02-01T04:30:00.000Z,206.0,165.0,41.0
US Diplomatic Post: New Delhi-8118,2025-02-01T05:30:00.000Z,273.0,206.0,67.0
US Diplomatic Post: New Delhi-8118,2025-02-01T06:30:00.000Z,275.0,273.0,2.0
US Diplomatic Post: New Delhi-8118,2025-02-01T08:30:00.000Z,320.0,225.0,95.0
US Diplomatic Post: New Delhi-8118,2025-02-01T11:30:00.000Z,134.0,94.0,40.0
US Diplomatic Post: New Delhi-8118,2025-02-01T12:30:00.000Z,196.0,134.0,62.0
US Diplomatic Post: New Delhi-8118,2025-02-01T14:30:00.000Z,227.0,195.0,32.0
US Diplomatic Post: New Delhi-8118,2025-02-01T15:30:00.000Z,242.0,227.0,15.0
US Diplomatic Post: New Delhi-8118,2025-02-01T21:30:00.000Z,174.0,170.0,4.0
US Diplomatic Post: New Delhi-8118,2025-02-01T23:30:00.000Z,191.0,-999.0,1190.0
US Diplomatic Post: New Delhi-8118,2025-02-02T01:30:00.000Z,183.0,177.0,6.0
US Diplomatic Post: New Delhi-8118,2025-02-02T03:30:00.000Z,183.0,168.0,15.0
US Diplomatic Post: New Delhi-8118,2025-02-02T04:30:00.000Z,208.0,183.0,25.0
US Diplomatic Post: New Delhi-8118,2025-02-02T05:30:00.000Z,227.0,208.0,19.0
US Diplomatic Post: New Delhi-8118,2025-02-02T06:30:00.000Z,238.0,227.0,11.0
US Diplomatic Post: New Delhi-8118,2025-02-02T11:30:00.000Z,173.0,167.0,6.0
US Diplomatic Post: New Delhi-8118,2025-02-02T14:30:00.000Z,169.0,163.0,6.0
US Diplomatic Post: New Delhi-8118,2025-02-02T15:30:00.000Z,174.0,169.0,5.0
US Diplomatic Post: New Delhi-8118,2025-02-02T16:30:00.000Z,195.0,174.0,21.0
US Diplomatic Post: New Delhi-8118,2025-02-02T22:30:00.000Z,153.0,138.0,15.0
US Diplomatic Post: New Delhi-8118,2025-02-02T23:30:00.000Z,158.0,153.0,5.0
US Diplomatic Post: New Delhi-8118,2025-02-03T04:30:00.000Z,192.0,120.0,72.0
US Diplomatic Post: New Delhi-8118,2025-02-03T07:30:00.000Z,100.0,8.0,92.0
US Diplomatic Post: New Delhi-8118,2025-02-03T11:30:00.000Z,74.0,50.0,24.0
US Diplomatic Post: New Delhi-8118,2025-02-03T13:30:00.000Z,74.0,70.0,4.0
US Diplomatic Post: New Delhi-8118,2025-02-03T14:30:00.000Z,104.0,74.0,30.0
US Diplomatic Post: New Delhi-8118,2025-02-03T15:30:00.000Z,111.0,104.0,7.0
US Diplomatic Post: New Delhi-8118,2025-02-03T17:30:00.000Z,119.0,106.0,13.0
US Diplomatic Post: New Delhi-8118,2025-02-03T18:30:00.000Z,129.0,119.0,10.0
US Diplomatic Post: New Delhi-8118,2025-02-03T19:30:00.000Z,132.0,129.0,3.0
US Diplomatic Post: New Delhi-8118,2025-02-03T20:30:00.000Z,141.0,132.0,9.0
US Diplomatic Post: New Delhi-8118,2025-02-04T00:30:00.000Z,105.0,101.0,4.0
US Diplomatic Post: New Delhi-8118,2025-02-04T01:30:00.000Z,114.0,105.0,9.0
US Diplomatic Post: New Delhi-8118,2025-02-04T02:30:00.000Z,119.0,114.0,5.0
US Diplomatic Post: New Delhi-8118,2025-02-04T03:30:00.000Z,148.0,119.0,29.0
US Diplomatic Post: New Delhi-8118,2025-02-04T04:30:00.000Z,153.0,148.0,5.0
US Diplomatic Post: New Delhi-8118,2025-02-04T06:30:00.000Z,141.0,135.0,6.0
US Diplomatic Post: New Delhi-8118,2025-02-04T09:30:00.000Z,118.0,92.0,26.0
US Diplomatic Post: New Delhi-8118,2025-02-04T10:30:00.000Z,165.0,118.0,47.0
US Diplomatic Post: New Delhi-8118,2025-02-04T11:30:00.000Z,193.0,165.0,28.0
US Diplomatic Post: New Delhi-8118,2025-02-04T13:30:00.000Z,208.0,193.0,15.0
US Diplomatic Post: New Delhi-8118,2025-02-04T14:30:00.000Z,214.0,208.0,6.0
US Diplomatic Post: New Delhi-8118,2025-02-04T15:30:00.000Z,230.0,214.0,16.0
US Diplomatic Post: New Delhi-8118,2025-02-04T16:30:00.000Z,240.0,230.0,10.0
US Diplomatic Post: New Delhi-8118,2025-02-05T01:30:00.000Z,132.0,121.0,11.0
US Diplomatic Post: New Delhi-8118,2025-02-05T03:30:00.000Z,139.0,130.0,9.0
US Diplomatic Post: New Delhi-8118,2025-02-05T13:30:00.000Z,54.0,34.0,20.0
US Diplomatic Post: New Delhi-8118,2025-02-05T14:30:00.000Z,100.0,54.0,46.0
US Diplomatic Post: New Delhi-8118,2025-02-05T15:30:00.000Z,112.0,100.0,12.0
US Diplomatic Post: New Delhi-8118,2025-02-05T16:30:00.000Z,135.0,112.0,23.0
US Diplomatic Post: New Delhi-8118,2025-02-05T17:30:00.000Z,156.0,135.0,21.0
US Diplomatic Post: New Delhi-8118,2025-02-05T20:30:00.000Z,134.0,131.0,3.0
US Diplomatic Post: New Delhi-8118,2025-02-05T22:30:00.000Z,135.0,129.0,6.0
US Diplomatic Post: New Delhi-8118,2025-02-06T03:30:00.000Z,126.0,118.0,8.0
US Diplomatic Post: New Delhi-8118,2025-02-06T04:30:00.000Z,128.0,126.0,2.0
US Diplomatic Post: New Delhi-8118,2025-02-06T09:30:00.000Z,36.0,31.0,5.0
US Diplomatic Post: New Delhi-8118,2025-02-06T11:30:00.000Z,39.0,34.0,5.0
US Diplomatic Post: New Delhi-8118,2025-02-06T12:30:00.000Z,44.0,39.0,5.0
US Diplomatic Post: New Delhi-8118,2025-02-06T13:30:00.000Z,61.0,44.0,17.0
US Diplomatic Post: New Delhi-8118,2025-02-06T14:30:00.000Z,84.0,61.0,23.0
US Diplomatic Post: New Delhi-8118,2025-02-06T15:30:00.000Z,90.0,84.0,6.0
US Diplomatic Post: New Delhi-8118,2025-02-06T16:30:00.000Z,93.0,90.0,3.0
US Diplomatic Post: New Delhi-8118,2025-02-06T18:30:00.000Z,80.0,77.0,3.0
US Diplomatic Post: New Delhi-8118,2025-02-06T19:30:00.000Z,95.0,80.0,15.0
US Diplomatic Post: New Delhi-8118,2025-02-06T21:30:00.000Z,99.0,87.0,12.0
US Diplomatic Post: New Delhi-8118,2025-02-06T22:30:00.000Z,103.0,99.0,4.0
US Diplomatic Post: New Delhi-8118,2025-02-07T03:30:00.000Z,87.0,83.0,4.0
US Diplomatic Post: New Delhi-8118,2025-02-07T09:30:00.000Z,42.0,27.0,15.0
US Diplomatic Post: New Delhi-8118,2025-02-07T13:30:00.000Z,44.0,31.0,13.0
US Diplomatic Post: New Delhi-8118,2025-02-07T14:30:00.000Z,71.0,44.0,27.0
US Diplomatic Post: New Delhi-8118,2025-02-07T15:30:00.000Z,75.0,71.0,4.0
US Diplomatic Post: New Delhi-8118,2025-02-07T18:30:00.000Z,82.0,65.0,17.0
US Diplomatic Post: New Delhi-8118,2025-02-07T19:30:00.000Z,104.0,82.0,22.0
US Diplomatic Post: New Delhi-8118,2025-02-07T22:30:00.000Z,78.0,69.0,9.0
US Diplomatic Post: New Delhi-8118,2025-02-08T00:30:00.000Z,83.0,77.0,6.0
US Diplomatic Post: New Delhi-8118,2025-02-08T01:30:00.000Z,89.0,83.0,6.0
US Diplomatic Post: New Delhi-8118,2025-02-08T03:30:00.000Z,83.0,78.0,5.0
US Diplomatic Post: New Delhi-8118,2025-02-08T10:30:00.000Z,37.0,34.0,3.0
US Diplomatic Post: New Delhi-8118,2025-02-08T11:30:00.000Z,38.0,37.0,1.0
US Diplomatic Post: New Delhi-8118,2025-02-08T13:30:00.000Z,83.0,38.0,45.0
US Diplomatic Post: New Delhi-8118,2025-02-08T14:30:00.000Z,107.0,83.0,24.0
US Diplomatic Post: New Delhi-8118,2025-02-08T16:30:00.000Z,98.0,93.0,5.0
US Diplomatic Post: New Delhi-8118,2025-02-08T17:30:00.000Z,100.0,98.0,2.0
US Diplomatic Post: New Delhi-8118,2025-02-08T18:30:00.000Z,114.0,100.0,14.0
US Diplomatic Post: New Delhi-8118,2025-02-08T19:30:00.000Z,122.0,114.0,8.0
US Diplomatic Post: New Delhi-8118,2025-02-08T20:30:00.000Z,131.0,122.0,9.0
US Diplomatic Post: New Delhi-8118,2025-02-08T21:30:00.000Z,166.0,131.0,35.0
US Diplomatic Post: New Delhi-8118,2025-02-09T03:30:00.000Z,102.0,99.0,3.0
US Diplomatic Post: New Delhi-8118,2025-02-09T05:30:00.000Z,93.0,92.0,1.0
US Diplomatic Post: New Delhi-8118,2025-02-09T11:30:00.000Z,56.0,42.0,14.0
US Diplomatic Post: New Delhi-8118,2025-02-09T12:30:00.000Z,58.0,56.0,2.0
US Diplomatic Post: New Delhi-8118,2025-02-09T13:30:00.000Z,103.0,58.0,45.0
US Diplomatic Post: New Delhi-8118,2025-02-09T14:30:00.000Z,109.0,103.0,6.0
US Diplomatic Post: New Delhi-8118,2025-02-09T15:30:00.000Z,144.0,109.0,35.0
US Diplomatic Post: New Delhi-8118,2025-02-09T16:30:00.000Z,165.0,144.0,21.0
US Diplomatic Post: New Delhi-8118,2025-02-09T17:30:00.000Z,174.0,165.0,9.0
US Diplomatic Post: New Delhi-8118,2025-02-09T18:30:00.000Z,177.0,174.0,3.0
US Diplomatic Post: New Delhi-8118,2025-02-09T19:30:00.000Z,195.0,177.0,18.0
US Diplomatic Post: New Delhi-8118,2025-02-09T21:30:00.000Z,196.0,194.0,2.0
US Diplomatic Post: New Delhi-8118,2025-02-10T00:30:00.000Z,165.0,164.0,1.0
US Diplomatic Post: New Delhi-8118,2025-02-10T01:30:00.000Z,174.0,165.0,9.0
US Diplomatic Post: New Delhi-8118,2025-02-10T02:30:00.000Z,178.0,174.0,4.0
US Diplomatic Post: New Delhi-8118,2025-02-10T03:30:00.000Z,202.0,178.0,24.0
US Diplomatic Post: New Delhi-8118,2025-02-10T09:30:00.000Z,55.0,48.0,7.0
US Diplomatic Post: New Delhi-8118,2025-02-10T10:30:00.000Z,59.0,55.0,4.0
US Diplomatic Post: New Delhi-8118,2025-02-10T11:30:00.000Z,61.0,59.0,2.0
US Diplomatic Post: New Delhi-8118,2025-02-10T12:30:00.000Z,64.0,61.0,3.0
US Diplomatic Post: New Delhi-8118,2025-02-10T13:30:00.000Z,72.0,64.0,8.0
US Diplomatic Post: New Delhi-8118,2025-02-10T14:30:00.000Z,86.0,72.0,14.0
US Diplomatic Post: New Delhi-8118,2025-02-10T15:30:00.000Z,111.0,86.0,25.0
US Diplomatic Post: New Delhi-8118,2025-02-10T16:30:00.000Z,129.0,111.0,18.0
US Diplomatic Post: New Delhi-8118,2025-02-10T17:30:00.000Z,163.0,129.0,34.0
US Diplomatic Post: New Delhi-8118,2025-02-10T18:30:00.000Z,165.0,163.0,2.0
US Diplomatic Post: New Delhi-8118,2025-02-10T19:30:00.000Z,182.0,165.0,17.0
US Diplomatic Post: New Delhi-8118,2025-02-10T21:30:00.000Z,214.0,166.0,48.0
US Diplomatic Post: New Delhi-8118,2025-02-10T23:30:00.000Z,150.0,137.0,13.0
US Diplomatic Post: New Delhi-8118,2025-02-11T00:30:00.000Z,158.0,150.0,8.0
US Diplomatic Post: New Delhi-8118,2025-02-11T02:30:00.000Z,185.0,158.0,27.0
US Diplomatic Post: New Delhi-8118,2025-02-11T03:30:00.000Z,192.0,185.0,7.0
US Diplomatic Post: New Delhi-8118,2025-02-11T10:30:00.000Z,89.0,57.0,32.0
US Diplomatic Post: New Delhi-8118,2025-02-11T12:30:00.000Z,67.0,57.0,10.0
US Diplomatic Post: New Delhi-8118,2025-02-11T13:30:00.000Z,68.0,67.0,1.0
US Diplomatic Post: New Delhi-8118,2025-02-11T14:30:00.000Z,89.0,68.0,21.0
US Diplomatic Post: New Delhi-8118,2025-02-11T15:30:00.000Z,98.0,89.0,9.0
US Diplomatic Post: New Delhi-8118,2025-02-11T16:30:00.000Z,104.0,98.0,6.0
US Diplomatic Post: New Delhi-8118,2025-02-11T17:30:00.000Z,113.0,104.0,9.0
US Diplomatic Post: New Delhi-8118,2025-02-11T19:30:00.000Z,112.0,109.0,3.0
US Diplomatic Post: New Delhi-8118,2025-02-11T20:30:00.000Z,130.0,112.0,18.0
US Diplomatic Post: New Delhi-8118,2025-02-11T21:30:00.000Z,168.0,130.0,38.0
US Diplomatic Post: New Delhi-8118,2025-02-11T22:30:00.000Z,186.0,168.0,18.0
US Diplomatic Post: New Delhi-8118,2025-02-12T10:30:00.000Z,29.0,25.0,4.0
US Diplomatic Post: New Delhi-8118,2025-02-12T13:30:00.000Z,36.0,27.0,9.0
US Diplomatic Post: New Delhi-8118,2025-02-12T14:30:00.000Z,59.0,36.0,23.0
US Diplomatic Post: New Delhi-8118,2025-02-12T15:30:00.000Z,69.0,59.0,10.0
US Diplomatic Post: New Delhi-8118,2025-02-12T16:30:00.000Z,76.0,69.0,7.0
US Diplomatic Post: New Delhi-8118,2025-02-12T21:30:00.000Z,69.0,66.0,3.0
US Diplomatic Post: New Delhi-8118,2025-02-12T22:30:00.000Z,80.0,69.0,11.0
US Diplomatic Post: New Delhi-8118,2025-02-13T01:30:00.000Z,77.0,68.0,9.0
US Diplomatic Post: New Delhi-8118,2025-02-13T02:30:00.000Z,79.0,77.0,2.0
US Diplomatic Post: New Delhi-8118,2025-02-13T11:30:00.000Z,29.0,-999.0,1028.0
US Diplomatic Post: New Delhi-8118,2025-02-13T13:30:00.000Z,35.0,24.0,11.0
US Diplomatic Post: New Delhi-8118,2025-02-13T14:30:00.000Z,47.0,35.0,12.0
US Diplomatic Post: New Delhi-8118,2025-02-13T15:30:00.000Z,59.0,47.0,12.0
US Diplomatic Post: New Delhi-8118,2025-02-13T16:30:00.000Z,64.0,59.0,5.0
US Diplomatic Post: New Delhi-8118,2025-02-13T18:30:00.000Z,62.0,55.0,7.0
US Diplomatic Post: New Delhi-8118,2025-02-13T19:30:00.000Z,63.0,62.0,1.0
US Diplomatic Post: New Delhi-8118,2025-02-13T21:30:00.000Z,61.0,59.0,2.0
US Diplomatic Post: New Delhi-8118,2025-02-14T01:30:00.000Z,68.0,58.0,10.0
US Diplomatic Post: New Delhi-8118,2025-02-14T02:30:00.000Z,80.0,68.0,12.0
US Diplomatic Post: New Delhi-8118,2025-02-14T09:30:00.000Z,47.0,30.0,17.0
US Diplomatic Post: New Delhi-8118,2025-02-14T12:30:00.000Z,46.0,35.0,11.0
US Diplomatic Post: New Delhi-8118,2025-02-14T13:30:00.000Z,48.0,46.0,2.0
US Diplomatic Post: New Delhi-8118,2025-02-14T14:30:00.000Z,64.0,48.0,16.0
US Diplomatic Post: New Delhi-8118,2025-02-14T15:30:00.000Z,74.0,64.0,10.0
US Diplomatic Post: New Delhi-8118,2025-02-14T16:30:00.000Z,91.0,74.0,17.0
US Diplomatic Post: New Delhi-8118,2025-02-14T17:30:00.000Z,110.0,91.0,19.0
US Diplomatic Post: New Delhi-8118,2025-02-14T20:30:00.000Z,107.0,104.0,3.0
US Diplomatic Post: New Delhi-8118,2025-02-15T01:30:00.000Z,93.0,85.0,8.0
US Diplomatic Post: New Delhi-8118,2025-02-15T02:30:00.000Z,98.0,93.0,5.0
US Diplomatic Post: New Delhi-8118,2025-02-15T03:30:00.000Z,102.0,98.0,4.0
US Diplomatic Post: New Delhi-8118,2025-02-15T05:30:00.000Z,102.0,89.0,13.0
US Diplomatic Post: New Delhi-8118,2025-02-15T08:30:00.000Z,62.0,61.0,1.0
US Diplomatic Post: New Delhi-8118,2025-02-15T09:30:00.000Z,64.0,62.0,2.0
US Diplomatic Post: New Delhi-8118,2025-02-15T10:30:00.000Z,74.0,64.0,10.0
US Diplomatic Post: New Delhi-8118,2025-02-15T13:30:00.000Z,62.0,56.0,6.0
US Diplomatic Post: New Delhi-8118,2025-02-15T14:30:00.000Z,63.0,62.0,1.0
US Diplomatic Post: New Delhi-8118,2025-02-15T15:30:00.000Z,92.0,63.0,29.0
US Diplomatic Post: New Delhi-8118,2025-02-15T16:30:00.000Z,93.0,92.0,1.0
US Diplomatic Post: New Delhi-8118,2025-02-15T17:30:00.000Z,108.0,93.0,15.0
US Diplomatic Post: New Delhi-8118,2025-02-15T18:30:00.000Z,126.0,108.0,18.0
US Diplomatic Post: New Delhi-8118,2025-02-15T19:30:00.000Z,140.0,126.0,14.0
US Diplomatic Post: New Delhi-8118,2025-02-15T20:30:00.000Z,175.0,140.0,35.0
US Diplomatic Post: New Delhi-8118,2025-02-15T21:30:00.000Z,231.0,175.0,56.0
US Diplomatic Post: New Delhi-8118,2025-02-15T22:30:00.000Z,252.0,231.0,21.0
US Diplomatic Post: New Delhi-8118,2025-02-15T23:30:00.000Z,253.0,252.0,1.0
US Diplomatic Post: New Delhi-8118,2025-02-16T01:30:00.000Z,254.0,251.0,3.0
US Diplomatic Post: New Delhi-8118,2025-02-16T02:30:00.000Z,255.0,254.0,1.0
US Diplomatic Post: New Delhi-8118,2025-02-16T03:30:00.000Z,265.0,255.0,10.0
US Diplomatic Post: New Delhi-8118,2025-02-16T12:30:00.000Z,47.0,42.0,5.0
US Diplomatic Post: New Delhi-8118,2025-02-16T13:30:00.000Z,61.0,47.0,14.0
US Diplomatic Post: New Delhi-8118,2025-02-16T14:30:00.000Z,76.0,61.0,15.0
US Diplomatic Post: New Delhi-8118,2025-02-16T15:30:00.000Z,88.0,76.0,12.0
US Diplomatic Post: New Delhi-8118,2025-02-16T16:30:00.000Z,110.0,88.0,22.0
US Diplomatic Post: New Delhi-8118,2025-02-16T17:30:00.000Z,120.0,110.0,10.0
US Diplomatic Post: New Delhi-8118,2025-02-16T20:30:00.000Z,116.0,111.0,5.0
US Diplomatic Post: New Delhi-8118,2025-02-17T01:30:00.000Z,100.0,99.0,1.0
US Diplomatic Post: New Delhi-8118,2025-02-17T02:30:00.000Z,120.0,100.0,20.0
US Diplomatic Post: New Delhi-8118,2025-02-17T03:30:00.000Z,139.0,120.0,19.0
US Diplomatic Post: New Delhi-8118,2025-02-17T09:30:00.000Z,60.0,55.0,5.0
US Diplomatic Post: New Delhi-8118,2025-02-17T11:30:00.000Z,63.0,60.0,3.0
US Diplomatic Post: New Delhi-8118,2025-02-17T12:30:00.000Z,65.0,63.0,2.0
US Diplomatic Post: New Delhi-8118,2025-02-17T13:30:00.000Z,66.0,65.0,1.0
US Diplomatic Post: New Delhi-8118,2025-02-17T14:30:00.000Z,74.0,66.0,8.0
US Diplomatic Post: New Delhi-8118,2025-02-17T15:30:00.000Z,104.0,74.0,30.0
US Diplomatic Post: New Delhi-8118,2025-02-17T16:30:00.000Z,111.0,104.0,7.0
US Diplomatic Post: New Delhi-8118,2025-02-17T18:30:00.000Z,116.0,107.0,9.0
US Diplomatic Post: New Delhi-8118,2025-02-17T19:30:00.000Z,129.0,116.0,13.0
US Diplomatic Post: New Delhi-8118,2025-02-18T00:30:00.000Z,88.0,83.0,5.0
US Diplomatic Post: New Delhi-8118,2025-02-18T01:30:00.000Z,97.0,88.0,9.0
US Diplomatic Post: New Delhi-8118,2025-02-18T02:30:00.000Z,107.0,97.0,10.0
US Diplomatic Post: New Delhi-8118,2025-02-18T03:30:00.000Z,136.0,107.0,29.0
US Diplomatic Post: New Delhi-8118,2025-02-18T04:30:00.000Z,162.0,136.0,26.0
US Diplomatic Post: New Delhi-8118,2025-02-18T10:30:00.000Z,28.0,17.0,11.0
US Diplomatic Post: New Delhi-8118,2025-02-18T12:30:00.000Z,32.0,23.0,9.0
US Diplomatic Post: New Delhi-8118,2025-02-18T13:30:00.000Z,37.0,32.0,5.0
US Diplomatic Post: New Delhi-8118,2025-02-18T14:30:00.000Z,44.0,37.0,7.0
US Diplomatic Post: New Delhi-8118,2025-02-18T15:30:00.000Z,63.0,44.0,19.0
US Diplomatic Post: New Delhi-8118,2025-02-18T16:30:00.000Z,96.0,63.0,33.0
US Diplomatic Post: New Delhi-8118,2025-02-18T17:30:00.000Z,106.0,96.0,10.0
US Diplomatic Post: New Delhi-8118,2025-02-18T18:30:00.000Z,112.0,106.0,6.0
US Diplomatic Post: New Delhi-8118,2025-02-18T22:30:00.000Z,100.0,96.0,4.0
US Diplomatic Post: New Delhi-8118,2025-02-18T23:30:00.000Z,115.0,100.0,15.0
US Diplomatic Post: New Delhi-8118,2025-02-19T03:30:00.000Z,108.0,98.0,10.0
US Diplomatic Post: New Delhi-8118,2025-02-19T11:30:00.000Z,34.0,31.0,3.0
US Diplomatic Post: New Delhi-8118,2025-02-19T12:30:00.000Z,40.0,34.0,6.0
US Diplomatic Post: New Delhi-8118,2025-02-19T13:30:00.000Z,60.0,40.0,20.0
US Diplomatic Post: New Delhi-8118,2025-02-19T14:30:00.000Z,64.0,60.0,4.0
US Diplomatic Post: New Delhi-8118,2025-02-19T15:30:00.000Z,73.0,64.0,9.0
US Diplomatic Post: New Delhi-8118,2025-02-19T16:30:00.000Z,86.0,73.0,13.0
US Diplomatic Post: New Delhi-8118,2025-02-19T20:30:00.000Z,50.0,42.0,8.0
US Diplomatic Post: New Delhi-8118,2025-02-19T22:30:00.000Z,39.0,38.0,1.0
US Diplomatic Post: New Delhi-8118,2025-02-20T00:30:00.000Z,40.0,37.0,3.0
US Diplomatic Post: New Delhi-8118,2025-02-20T01:30:00.000Z,44.0,40.0,4.0
US Diplomatic Post: New Delhi-8118,2025-02-20T02:30:00.000Z,49.0,44.0,5.0
US Diplomatic Post: New Delhi-8118,2025-02-20T03:30:00.000Z,69.0,49.0,20.0
US Diplomatic Post: New Delhi-8118,2025-02-20T04:30:00.000Z,104.0,69.0,35.0
US Diplomatic Post: New Delhi-8118,2025-02-20T09:30:00.000Z,41.0,32.0,9.0
US Diplomatic Post: New Delhi-8118,2025-02-20T12:30:00.000Z,38.0,32.0,6.0
US Diplomatic Post: New Delhi-8118,2025-02-20T14:30:00.000Z,56.0,36.0,20.0
US Diplomatic Post: New Delhi-8118,2025-02-20T15:30:00.000Z,67.0,56.0,11.0
US Diplomatic Post: New Delhi-8118,2025-02-20T17:30:00.000Z,82.0,66.0,16.0
US Diplomatic Post: New Delhi-8118,2025-02-20T20:30:00.000Z,80.0,75.0,5.0
US Diplomatic Post: New Delhi-8118,2025-02-20T23:30:00.000Z,69.0,54.0,15.0
US Diplomatic Post: New Delhi-8118,2025-02-21T01:30:00.000Z,74.0,61.0,13.0
US Diplomatic Post: New Delhi-8118,2025-02-21T02:30:00.000Z,101.0,74.0,27.0
US Diplomatic Post: New Delhi-8118,2025-02-21T03:30:00.000Z,110.0,101.0,9.0
US Diplomatic Post: New Delhi-8118,2025-02-21T08:30:00.000Z,118.0,68.0,50.0
US Diplomatic Post: New Delhi-8118,2025-02-21T10:30:00.000Z,94.0,92.0,2.0
US Diplomatic Post: New Delhi-8118,2025-02-21T12:30:00.000Z,89.0,79.0,10.0
US Diplomatic Post: New Delhi-8118,2025-02-21T13:30:00.000Z,90.0,89.0,1.0
US Diplomatic Post: New Delhi-8118,2025-02-21T14:30:00.000Z,96.0,90.0,6.0
US Diplomatic Post: New Delhi-8118,2025-02-21T15:30:00.000Z,103.0,96.0,7.0
US Diplomatic Post: New Delhi-8118,2025-02-21T20:30:00.000Z,78.0,73.0,5.0
US Diplomatic Post: New Delhi-8118,2025-02-21T22:30:00.000Z,75.0,72.0,3.0
US Diplomatic Post: New Delhi-8118,2025-02-21T23:30:00.000Z,77.0,75.0,2.0
US Diplomatic Post: New Delhi-8118,2025-02-22T03:30:00.000Z,74.0,66.0,8.0
US Diplomatic Post: New Delhi-8118,2025-02-22T04:30:00.000Z,84.0,74.0,10.0
US Diplomatic Post: New Delhi-8118,2025-02-22T11:30:00.000Z,31.0,28.0,3.0
US Diplomatic Post: New Delhi-8118,2025-02-22T12:30:00.000Z,37.0,31.0,6.0
US Diplomatic Post: New Delhi-8118,2025-02-22T13:30:00.000Z,44.0,37.0,7.0
US Diplomatic Post: New Delhi-8118,2025-02-22T14:30:00.000Z,56.0,44.0,12.0
US Diplomatic Post: New Delhi-8118,2025-02-22T15:30:00.000Z,79.0,56.0,23.0
US Diplomatic Post: New Delhi-8118,2025-02-22T17:30:00.000Z,74.0,70.0,4.0
US Diplomatic Post: New Delhi-8118,2025-02-22T19:30:00.000Z,70.0,65.0,5.0
US Diplomatic Post: New Delhi-8118,2025-02-22T21:30:00.000Z,73.0,65.0,8.0
US Diplomatic Post: New Delhi-8118,2025-02-22T22:30:00.000Z,80.0,73.0,7.0
US Diplomatic Post: New Delhi-8118,2025-02-22T23:30:00.000Z,106.0,80.0,26.0
US Diplomatic Post: New Delhi-8118,2025-02-23T03:30:00.000Z,89.0,74.0,15.0
US Diplomatic Post: New Delhi-8118,2025-02-23T06:30:00.000Z,63.0,62.0,1.0
US Diplomatic Post: New Delhi-8118,2025-02-23T13:30:00.000Z,38.0,37.0,1.0
US Diplomatic Post: New Delhi-8118,2025-02-23T14:30:00.000Z,51.0,38.0,13.0
US Diplomatic Post: New Delhi-8118,2025-02-23T16:30:00.000Z,81.0,-999.0,1080.0
US Diplomatic Post: New Delhi-8118,2025-02-23T17:30:00.000Z,85.0,81.0,4.0
US Diplomatic Post: New Delhi-8118,2025-02-23T18:30:00.000Z,97.0,85.0,12.0
US Diplomatic Post: New Delhi-8118,2025-02-23T19:30:00.000Z,105.0,97.0,8.0
US Diplomatic Post: New Delhi-8118,2025-02-24T00:30:00.000Z,100.0,90.0,10.0
US Diplomatic Post: New Delhi-8118,2025-02-24T01:30:00.000Z,135.0,100.0,35.0
US Diplomatic Post: New Delhi-8118,2025-02-24T02:30:00.000Z,137.0,135.0,2.0
US Diplomatic Post: New Delhi-8118,2025-02-24T07:30:00.000Z,71.0,67.0,4.0
US Diplomatic Post: New Delhi-8118,2025-02-24T12:30:00.000Z,44.0,39.0,5.0
US Diplomatic Post: New Delhi-8118,2025-02-24T13:30:00.000Z,48.0,44.0,4.0
US Diplomatic Post: New Delhi-8118,2025-02-24T14:30:00.000Z,62.0,48.0,14.0
US Diplomatic Post: New Delhi-8118,2025-02-24T15:30:00.000Z,72.0,62.0,10.0
US Diplomatic Post: New Delhi-8118,2025-02-24T16:30:00.000Z,74.0,72.0,2.0
US Diplomatic Post: New Delhi-8118,2025-02-24T17:30:00.000Z,82.0,74.0,8.0
US Diplomatic Post: New Delhi-8118,2025-02-24T18:30:00.000Z,99.0,82.0,17.0
US Diplomatic Post: New Delhi-8118,2025-02-24T19:30:00.000Z,119.0,99.0,20.0
US Diplomatic Post: New Delhi-8118,2025-02-24T21:30:00.000Z,116.0,114.0,2.0
US Diplomatic Post: New Delhi-8118,2025-02-24T23:30:00.000Z,116.0,114.0,2.0
US Diplomatic Post: New Delhi-8118,2025-02-25T00:30:00.000Z,129.0,116.0,13.0
US Diplomatic Post: New Delhi-8118,2025-02-25T04:30:00.000Z,111.0,104.0,7.0
US Diplomatic Post: New Delhi-8118,2025-02-25T10:30:00.000Z,52.0,48.0,4.0
US Diplomatic Post: New Delhi-8118,2025-02-25T12:30:00.000Z,47.0,45.0,2.0
US Diplomatic Post: New Delhi-8118,2025-02-25T13:30:00.000Z,51.0,47.0,4.0
US Diplomatic Post: New Delhi-8118,2025-02-25T14:30:00.000Z,54.0,51.0,3.0
US Diplomatic Post: New Delhi-8118,2025-02-25T15:30:00.000Z,68.0,54.0,14.0
US Diplomatic Post: New Delhi-8118,2025-02-25T16:30:00.000Z,73.0,68.0,5.0
US Diplomatic Post: New Delhi-8118,2025-02-25T17:30:00.000Z,82.0,73.0,9.0
US Diplomatic Post: New Delhi-8118,2025-02-25T18:30:00.000Z,96.0,82.0,14.0
US Diplomatic Post: New Delhi-8118,2025-02-25T20:30:00.000Z,97.0,88.0,9.0
US Diplomatic Post: New Delhi-8118,2025-02-25T21:30:00.000Z,105.0,97.0,8.0
US Diplomatic Post: New Delhi-8118,2025-02-26T01:30:00.000Z,99.0,96.0,3.0
US Diplomatic Post: New Delhi-8118,2025-02-26T02:30:00.000Z,103.0,99.0,4.0
US Diplomatic Post: New Delhi-8118,2025-02-26T03:30:00.000Z,192.0,103.0,89.0
US Diplomatic Post: New Delhi-8118,2025-02-26T04:30:00.000Z,222.0,192.0,30.0
US Diplomatic Post: New Delhi-8118,2025-02-26T12:30:00.000Z,64.0,55.0,9.0
US Diplomatic Post: New Delhi-8118,2025-02-26T13:30:00.000Z,78.0,64.0,14.0
US Diplomatic Post: New Delhi-8118,2025-02-26T14:30:00.000Z,105.0,78.0,27.0
US Diplomatic Post: New Delhi-8118,2025-02-26T15:30:00.000Z,115.0,105.0,10.0
US Diplomatic Post: New Delhi-8118,2025-02-26T16:30:00.000Z,120.0,115.0,5.0
US Diplomatic Post: New Delhi-8118,2025-02-26T17:30:00.000Z,126.0,120.0,6.0
US Diplomatic Post: New Delhi-8118,2025-02-26T19:30:00.000Z,119.0,116.0,3.0
US Diplomatic Post: New Delhi-8118,2025-02-26T21:30:00.000Z,123.0,113.0,10.0
US Diplomatic Post: New Delhi-8118,2025-02-27T01:30:00.000Z,134.0,65.0,69.0
US Diplomatic Post: New Delhi-8118,2025-02-27T02:30:00.000Z,157.0,134.0,23.0
US Diplomatic Post: New Delhi-8118,2025-02-27T08:30:00.000Z,37.0,21.0,16.0
US Diplomatic Post: New Delhi-8118,2025-02-27T12:30:00.000Z,26.0,25.0,1.0
US Diplomatic Post: New Delhi-8118,2025-02-27T13:30:00.000Z,28.0,26.0,2.0
US Diplomatic Post: New Delhi-8118,2025-02-27T14:30:00.000Z,38.0,28.0,10.0
US Diplomatic Post: New Delhi-8118,2025-02-27T16:30:00.000Z,51.0,31.0,20.0
US Diplomatic Post: New Delhi-8118,2025-02-27T17:30:00.000Z,55.0,51.0,4.0
US Diplomatic Post: New Delhi-8118,2025-02-27T21:30:00.000Z,47.0,39.0,8.0
US Diplomatic Post: New Delhi-8118,2025-02-27T23:30:00.000Z,43.0,39.0,4.0
US Diplomatic Post: New Delhi-8118,2025-02-28T03:30:00.000Z,77.0,-999.0,1076.0
US Diplomatic Post: New Delhi-8118,2025-02-28T09:30:00.000Z,49.0,46.0,3.0
US Diplomatic Post: New Delhi-8118,2025-02-28T10:30:00.000Z,55.0,49.0,6.0
US Diplomatic Post: New Delhi-8118,2025-02-28T14:30:00.000Z,52.0,43.0,9.0
US Diplomatic Post: New Delhi-8118,2025-02-28T15:30:00.000Z,56.0,52.0,4.0
US Diplomatic Post: New Delhi-8118,2025-02-28T16:30:00.000Z,59.0,56.0,3.0
